"Província"|"Regió_Sanitària"|"Comarca"|"Municipi"|"Donacions_2013"|"Sessions_2013"|"Donacions_2012"|"Sessions_2012"
"T"|"CAMP DE TARRAGONA"|"Alt Camp"|"Aiguamúrcia"|"0"|"0"|"0"|"0"
"T"|"CAMP DE TARRAGONA"|"Alt Camp"|"Alcover"|"261"|"4"|"298"|"4"
"T"|"CAMP DE TARRAGONA"|"Alt Camp"|"Alió"|"0"|"0"|"0"|"0"
"T"|"CAMP DE TARRAGONA"|"Alt Camp"|"Bràfim"|"0"|"0"|"55"|"2"
"T"|"CAMP DE TARRAGONA"|"Alt Camp"|"Cabra del Camp"|"0"|"0"|"0"|"0"
"T"|"CAMP DE TARRAGONA"|"Alt Camp"|"Figuerola del Camp"|"0"|"0"|"0"|"0"
"T"|"CAMP DE TARRAGONA"|"Alt Camp"|"Garidells, els"|"0"|"0"|"0"|"0"
"T"|"CAMP DE TARRAGONA"|"Alt Camp"|"Masó, la"|"0"|"0"|"0"|"0"
"T"|"CAMP DE TARRAGONA"|"Alt Camp"|"Milà, el"|"0"|"0"|"0"|"0"
"T"|"CAMP DE TARRAGONA"|"Alt Camp"|"Montferri"|"0"|"0"|"0"|"0"
"T"|"CAMP DE TARRAGONA"|"Alt Camp"|"Mont-ral"|"0"|"0"|"0"|"0"
"T"|"CAMP DE TARRAGONA"|"Alt Camp"|"Nulles"|"0"|"0"|"0"|"0"
"T"|"CAMP DE TARRAGONA"|"Alt Camp"|"Pla de Santa Maria, el"|"181"|"4"|"198"|"4"
"T"|"CAMP DE TARRAGONA"|"Alt Camp"|"Pont d'Armentera, el"|"25"|"1"|"27"|"1"
"T"|"CAMP DE TARRAGONA"|"Alt Camp"|"Puigpelat"|"0"|"0"|"0"|"0"
"T"|"CAMP DE TARRAGONA"|"Alt Camp"|"Querol"|"0"|"0"|"0"|"0"
"T"|"CAMP DE TARRAGONA"|"Alt Camp"|"Riba, la"|"85"|"3"|"80"|"3"
"T"|"CAMP DE TARRAGONA"|"Alt Camp"|"Rodonyà"|"0"|"0"|"0"|"0"
"T"|"CAMP DE TARRAGONA"|"Alt Camp"|"Rourell, el"|"0"|"0"|"0"|"0"
"T"|"CAMP DE TARRAGONA"|"Alt Camp"|"Vallmoll"|"0"|"0"|"0"|"0"
"T"|"CAMP DE TARRAGONA"|"Alt Camp"|"Valls"|"954"|"26"|"999"|"26"
"T"|"CAMP DE TARRAGONA"|"Alt Camp"|"Vilabella"|"30"|"1"|"50"|"2"
"T"|"CAMP DE TARRAGONA"|"Alt Camp"|"Vila-rodona"|"18"|"1"|"46"|"2"
"G"|"GIRONA"|"Alt Empordà"|"Agullana"|"28"|"1"|"23"|"1"
"G"|"GIRONA"|"Alt Empordà"|"Albanyà"|"0"|"0"|"0"|"0"
"G"|"GIRONA"|"Alt Empordà"|"Armentera, l'"|"43"|"2"|"52"|"2"
"G"|"GIRONA"|"Alt Empordà"|"Avinyonet de Puigventós"|"60"|"2"|"59"|"2"
"G"|"GIRONA"|"Alt Empordà"|"Bàscara"|"80"|"2"|"74"|"2"
"G"|"GIRONA"|"Alt Empordà"|"Biure"|"0"|"0"|"0"|"0"
"G"|"GIRONA"|"Alt Empordà"|"Boadella i les Escaules"|"0"|"0"|"0"|"0"
"G"|"GIRONA"|"Alt Empordà"|"Borrassà"|"27"|"1"|"64"|"2"
"G"|"GIRONA"|"Alt Empordà"|"Cabanelles"|"0"|"0"|"0"|"0"
"G"|"GIRONA"|"Alt Empordà"|"Cabanes"|"78"|"2"|"58"|"2"
"G"|"GIRONA"|"Alt Empordà"|"Cadaqués"|"141"|"3"|"94"|"2"
"G"|"GIRONA"|"Alt Empordà"|"Cantallops"|"17"|"1"|"15"|"1"
"G"|"GIRONA"|"Alt Empordà"|"Capmany"|"28"|"1"|"19"|"1"
"G"|"GIRONA"|"Alt Empordà"|"Castelló d'Empúries"|"437"|"6"|"359"|"6"
"G"|"GIRONA"|"Alt Empordà"|"Cistella"|"0"|"0"|"0"|"0"
"G"|"GIRONA"|"Alt Empordà"|"Colera"|"0"|"0"|"17"|"1"
"G"|"GIRONA"|"Alt Empordà"|"Darnius"|"0"|"0"|"14"|"1"
"G"|"GIRONA"|"Alt Empordà"|"Escala, l'"|"378"|"5"|"402"|"4"
"G"|"GIRONA"|"Alt Empordà"|"Espolla"|"37"|"2"|"50"|"2"
"G"|"GIRONA"|"Alt Empordà"|"Far d'Empordà, el"|"0"|"0"|"0"|"0"
"G"|"GIRONA"|"Alt Empordà"|"Figueres"|"1057"|"18"|"1387"|"13"
"G"|"GIRONA"|"Alt Empordà"|"Fortià"|"0"|"0"|"0"|"0"
"G"|"GIRONA"|"Alt Empordà"|"Garrigàs"|"37"|"1"|"29"|"1"
"G"|"GIRONA"|"Alt Empordà"|"Garriguella"|"19"|"1"|"23"|"1"
"G"|"GIRONA"|"Alt Empordà"|"Jonquera, la"|"87"|"3"|"96"|"3"
"G"|"GIRONA"|"Alt Empordà"|"Lladó"|"49"|"2"|"63"|"2"
"G"|"GIRONA"|"Alt Empordà"|"Llançà"|"125"|"3"|"250"|"5"
"G"|"GIRONA"|"Alt Empordà"|"Llers"|"85"|"2"|"91"|"2"
"G"|"GIRONA"|"Alt Empordà"|"Maçanet de Cabrenys"|"62"|"2"|"70"|"2"
"G"|"GIRONA"|"Alt Empordà"|"Masarac"|"0"|"0"|"0"|"0"
"G"|"GIRONA"|"Alt Empordà"|"Mollet de Peralada"|"0"|"0"|"0"|"0"
"G"|"GIRONA"|"Alt Empordà"|"Navata"|"70"|"2"|"54"|"2"
"G"|"GIRONA"|"Alt Empordà"|"Ordis"|"28"|"1"|"19"|"1"
"G"|"GIRONA"|"Alt Empordà"|"Palau de Santa Eulàlia"|"0"|"0"|"0"|"0"
"G"|"GIRONA"|"Alt Empordà"|"Palau-saverdera"|"45"|"2"|"48"|"2"
"G"|"GIRONA"|"Alt Empordà"|"Pau"|"0"|"0"|"0"|"0"
"G"|"GIRONA"|"Alt Empordà"|"Pedret i Marzà"|"0"|"0"|"0"|"0"
"G"|"GIRONA"|"Alt Empordà"|"Peralada"|"146"|"4"|"155"|"4"
"G"|"GIRONA"|"Alt Empordà"|"Pont de Molins"|"16"|"1"|"19"|"1"
"G"|"GIRONA"|"Alt Empordà"|"Pontós"|"0"|"0"|"0"|"0"
"G"|"GIRONA"|"Alt Empordà"|"Port de la Selva, el"|"66"|"2"|"70"|"2"
"G"|"GIRONA"|"Alt Empordà"|"Portbou"|"58"|"2"|"68"|"2"
"G"|"GIRONA"|"Alt Empordà"|"Rabós"|"0"|"0"|"0"|"0"
"G"|"GIRONA"|"Alt Empordà"|"Riumors"|"0"|"0"|"0"|"0"
"G"|"GIRONA"|"Alt Empordà"|"Roses"|"658"|"13"|"740"|"8"
"G"|"GIRONA"|"Alt Empordà"|"Sant Climent Sescebes"|"52"|"2"|"221"|"4"
"G"|"GIRONA"|"Alt Empordà"|"Sant Llorenç de la Muga"|"28"|"1"|"34"|"1"
"G"|"GIRONA"|"Alt Empordà"|"Sant Miquel de Fluvià"|"43"|"2"|"37"|"2"
"G"|"GIRONA"|"Alt Empordà"|"Sant Mori"|"0"|"0"|"0"|"0"
"G"|"GIRONA"|"Alt Empordà"|"Sant Pere Pescador"|"71"|"2"|"74"|"2"
"G"|"GIRONA"|"Alt Empordà"|"Santa Llogaia d'Àlguema"|"0"|"0"|"0"|"0"
"G"|"GIRONA"|"Alt Empordà"|"Saus, Camallera i Llampaies"|"34"|"1"|"46"|"2"
"G"|"GIRONA"|"Alt Empordà"|"Selva de Mar, la"|"0"|"0"|"0"|"0"
"G"|"GIRONA"|"Alt Empordà"|"Siurana"|"0"|"0"|"0"|"0"
"G"|"GIRONA"|"Alt Empordà"|"Terrades"|"0"|"0"|"0"|"0"
"G"|"GIRONA"|"Alt Empordà"|"Torroella de Fluvià"|"0"|"0"|"0"|"0"
"G"|"GIRONA"|"Alt Empordà"|"Vajol, la"|"0"|"0"|"0"|"0"
"G"|"GIRONA"|"Alt Empordà"|"Ventalló"|"14"|"1"|"19"|"1"
"G"|"GIRONA"|"Alt Empordà"|"Vilabertran"|"58"|"2"|"60"|"2"
"G"|"GIRONA"|"Alt Empordà"|"Viladamat"|"13"|"1"|"17"|"1"
"G"|"GIRONA"|"Alt Empordà"|"Vilafant"|"201"|"5"|"179"|"4"
"G"|"GIRONA"|"Alt Empordà"|"Vilajuïga"|"81"|"2"|"89"|"2"
"G"|"GIRONA"|"Alt Empordà"|"Vilamacolum"|"0"|"0"|"18"|"1"
"G"|"GIRONA"|"Alt Empordà"|"Vilamalla"|"89"|"3"|"106"|"4"
"G"|"GIRONA"|"Alt Empordà"|"Vilamaniscle"|"0"|"0"|"0"|"0"
"G"|"GIRONA"|"Alt Empordà"|"Vilanant"|"0"|"0"|"0"|"0"
"G"|"GIRONA"|"Alt Empordà"|"Vila-sacra"|"10"|"1"|"9"|"1"
"G"|"GIRONA"|"Alt Empordà"|"Vilaür"|"0"|"0"|"0"|"0"
"B"|"BARCELONA"|"Alt Penedès"|"Avinyonet del Penedès"|"21"|"1"|"57"|"2"
"B"|"BARCELONA"|"Alt Penedès"|"Cabanyes, les"|"0"|"0"|"0"|"0"
"B"|"BARCELONA"|"Alt Penedès"|"Castellet i la Gornal"|"0"|"0"|"0"|"0"
"B"|"BARCELONA"|"Alt Penedès"|"Castellví de la Marca"|"0"|"0"|"44"|"2"
"B"|"BARCELONA"|"Alt Penedès"|"Font-rubí"|"26"|"1"|"19"|"1"
"B"|"BARCELONA"|"Alt Penedès"|"Gelida"|"118"|"4"|"194"|"4"
"B"|"BARCELONA"|"Alt Penedès"|"Granada, la"|"90"|"3"|"105"|"3"
"B"|"BARCELONA"|"Alt Penedès"|"Mediona"|"39"|"2"|"50"|"2"
"B"|"BARCELONA"|"Alt Penedès"|"Olèrdola"|"0"|"0"|"51"|"2"
"B"|"BARCELONA"|"Alt Penedès"|"Olesa de Bonesvalls"|"88"|"2"|"84"|"2"
"B"|"BARCELONA"|"Alt Penedès"|"Pacs del Penedès"|"16"|"1"|"26"|"1"
"B"|"BARCELONA"|"Alt Penedès"|"Pla del Penedès, el"|"0"|"0"|"0"|"0"
"B"|"BARCELONA"|"Alt Penedès"|"Pontons"|"0"|"0"|"0"|"0"
"B"|"BARCELONA"|"Alt Penedès"|"Puigdàlber"|"0"|"0"|"24"|"1"
"B"|"BARCELONA"|"Alt Penedès"|"Sant Cugat Sesgarrigues"|"14"|"1"|"49"|"3"
"B"|"BARCELONA"|"Alt Penedès"|"Sant Llorenç d'Hortons"|"78"|"3"|"69"|"3"
"B"|"BARCELONA"|"Alt Penedès"|"Sant Martí Sarroca"|"91"|"3"|"80"|"3"
"B"|"BARCELONA"|"Alt Penedès"|"Sant Pere de Riudebitlles"|"135"|"3"|"154"|"3"
"B"|"BARCELONA"|"Alt Penedès"|"Sant Quintí de Mediona"|"47"|"2"|"38"|"2"
"B"|"BARCELONA"|"Alt Penedès"|"Sant Sadurní d'Anoia"|"489"|"11"|"536"|"11"
"B"|"BARCELONA"|"Alt Penedès"|"Santa Fe del Penedès"|"54"|"2"|"49"|"2"
"B"|"BARCELONA"|"Alt Penedès"|"Santa Margarida i els Monjos"|"183"|"6"|"238"|"7"
"B"|"BARCELONA"|"Alt Penedès"|"Subirats"|"64"|"4"|"121"|"6"
"B"|"BARCELONA"|"Alt Penedès"|"Torrelavit"|"49"|"2"|"82"|"3"
"B"|"BARCELONA"|"Alt Penedès"|"Torrelles de Foix"|"0"|"0"|"58"|"3"
"B"|"BARCELONA"|"Alt Penedès"|"Vilafranca del Penedès"|"1532"|"34"|"1379"|"40"
"B"|"BARCELONA"|"Alt Penedès"|"Vilobí del Penedès"|"27"|"2"|"44"|"2"
"L"|"ALT PIRINEU I ARAN"|"Alt Urgell"|"Alàs i Cerc"|"0"|"0"|"0"|"0"
"L"|"ALT PIRINEU I ARAN"|"Alt Urgell"|"Arsèguel"|"0"|"0"|"0"|"0"
"L"|"ALT PIRINEU I ARAN"|"Alt Urgell"|"Bassella"|"0"|"0"|"0"|"0"
"L"|"ALT PIRINEU I ARAN"|"Alt Urgell"|"Cabó"|"0"|"0"|"0"|"0"
"L"|"ALT PIRINEU I ARAN"|"Alt Urgell"|"Cava"|"0"|"0"|"0"|"0"
"L"|"ALT PIRINEU I ARAN"|"Alt Urgell"|"Coll de Nargó"|"0"|"0"|"0"|"0"
"L"|"ALT PIRINEU I ARAN"|"Alt Urgell"|"Estamariu"|"0"|"0"|"0"|"0"
"L"|"ALT PIRINEU I ARAN"|"Alt Urgell"|"Fígols i Alinyà"|"0"|"0"|"0"|"0"
"L"|"ALT PIRINEU I ARAN"|"Alt Urgell"|"Josa i Tuixén"|"0"|"0"|"0"|"0"
"L"|"ALT PIRINEU I ARAN"|"Alt Urgell"|"Montferrer i Castellbò"|"0"|"0"|"0"|"0"
"L"|"ALT PIRINEU I ARAN"|"Alt Urgell"|"Oliana"|"51"|"2"|"62"|"2"
"L"|"ALT PIRINEU I ARAN"|"Alt Urgell"|"Organyà"|"64"|"2"|"67"|"2"
"L"|"ALT PIRINEU I ARAN"|"Alt Urgell"|"Peramola"|"0"|"0"|"0"|"0"
"L"|"ALT PIRINEU I ARAN"|"Alt Urgell"|"Pont de Bar, el"|"0"|"0"|"0"|"0"
"L"|"ALT PIRINEU I ARAN"|"Alt Urgell"|"Ribera d'Urgellet"|"0"|"0"|"0"|"0"
"L"|"ALT PIRINEU I ARAN"|"Alt Urgell"|"Seu d'Urgell, la"|"512"|"11"|"635"|"10"
"L"|"ALT PIRINEU I ARAN"|"Alt Urgell"|"Valls d'Aguilar, les"|"0"|"0"|"0"|"0"
"L"|"ALT PIRINEU I ARAN"|"Alt Urgell"|"Valls de Valira, les"|"0"|"0"|"0"|"0"
"L"|"ALT PIRINEU I ARAN"|"Alt Urgell"|"Vansa i Fórnols, la"|"0"|"0"|"0"|"0"
"L"|"ALT PIRINEU I ARAN"|"Alta Ribagorça"|"Pont de Suert, el"|"144"|"3"|"213"|"4"
"L"|"ALT PIRINEU I ARAN"|"Alta Ribagorça"|"Vall de Boí, la"|"0"|"0"|"0"|"0"
"L"|"ALT PIRINEU I ARAN"|"Alta Ribagorça"|"Vilaller"|"0"|"0"|"0"|"0"
"B"|"CATALUNYA CENTRAL"|"Anoia"|"Argençola"|"0"|"0"|"0"|"0"
"B"|"CATALUNYA CENTRAL"|"Anoia"|"Bellprat"|"0"|"0"|"0"|"0"
"B"|"CATALUNYA CENTRAL"|"Anoia"|"Bruc, el"|"33"|"2"|"25"|"1"
"B"|"CATALUNYA CENTRAL"|"Anoia"|"Cabrera d'Anoia"|"0"|"0"|"0"|"0"
"B"|"CATALUNYA CENTRAL"|"Anoia"|"Calaf"|"130"|"4"|"186"|"5"
"B"|"CATALUNYA CENTRAL"|"Anoia"|"Calonge de Segarra"|"0"|"0"|"0"|"0"
"B"|"CATALUNYA CENTRAL"|"Anoia"|"Capellades"|"220"|"6"|"287"|"6"
"B"|"CATALUNYA CENTRAL"|"Anoia"|"Carme"|"49"|"2"|"43"|"2"
"B"|"CATALUNYA CENTRAL"|"Anoia"|"Castellfollit de Riubregós"|"0"|"0"|"0"|"0"
"B"|"CATALUNYA CENTRAL"|"Anoia"|"Castellolí"|"24"|"1"|"19"|"1"
"B"|"CATALUNYA CENTRAL"|"Anoia"|"Copons"|"0"|"0"|"0"|"0"
"B"|"CATALUNYA CENTRAL"|"Anoia"|"Hostalets de Pierola, els"|"86"|"3"|"94"|"3"
"B"|"CATALUNYA CENTRAL"|"Anoia"|"Igualada"|"1514"|"30"|"1524"|"31"
"B"|"CATALUNYA CENTRAL"|"Anoia"|"Jorba"|"0"|"0"|"0"|"0"
"B"|"CATALUNYA CENTRAL"|"Anoia"|"Llacuna, la"|"67"|"3"|"98"|"3"
"B"|"CATALUNYA CENTRAL"|"Anoia"|"Masquefa"|"234"|"5"|"226"|"5"
"B"|"CATALUNYA CENTRAL"|"Anoia"|"Montmaneu"|"0"|"0"|"0"|"0"
"B"|"CATALUNYA CENTRAL"|"Anoia"|"Òdena"|"137"|"5"|"179"|"6"
"B"|"CATALUNYA CENTRAL"|"Anoia"|"Orpí"|"0"|"0"|"0"|"0"
"B"|"CATALUNYA CENTRAL"|"Anoia"|"Piera"|"362"|"6"|"423"|"6"
"B"|"CATALUNYA CENTRAL"|"Anoia"|"Pobla de Claramunt, la"|"45"|"2"|"51"|"3"
"B"|"CATALUNYA CENTRAL"|"Anoia"|"Prats de Rei, els"|"15"|"1"|"23"|"1"
"B"|"CATALUNYA CENTRAL"|"Anoia"|"Pujalt"|"0"|"0"|"0"|"0"
"B"|"CATALUNYA CENTRAL"|"Anoia"|"Rubió"|"0"|"0"|"0"|"0"
"B"|"CATALUNYA CENTRAL"|"Anoia"|"Sant Martí de Tous"|"100"|"4"|"135"|"4"
"B"|"CATALUNYA CENTRAL"|"Anoia"|"Sant Martí Sesgueioles"|"18"|"1"|"12"|"1"
"B"|"CATALUNYA CENTRAL"|"Anoia"|"Sant Pere Sallavinera"|"0"|"0"|"0"|"0"
"B"|"CATALUNYA CENTRAL"|"Anoia"|"Santa Margarida de Montbui"|"401"|"6"|"404"|"6"
"B"|"CATALUNYA CENTRAL"|"Anoia"|"Santa Maria de Miralles"|"0"|"0"|"0"|"0"
"B"|"CATALUNYA CENTRAL"|"Anoia"|"Torre de Claramunt, la"|"0"|"0"|"11"|"1"
"B"|"CATALUNYA CENTRAL"|"Anoia"|"Vallbona d'Anoia"|"32"|"1"|"0"|"0"
"B"|"CATALUNYA CENTRAL"|"Anoia"|"Veciana"|"0"|"0"|"0"|"0"
"B"|"CATALUNYA CENTRAL"|"Anoia"|"Vilanova del Camí"|"471"|"7"|"481"|"6"
"B"|"CATALUNYA CENTRAL"|"Bages"|"Aguilar de Segarra"|"0"|"0"|"0"|"0"
"B"|"CATALUNYA CENTRAL"|"Bages"|"Artés"|"164"|"5"|"174"|"5"
"B"|"CATALUNYA CENTRAL"|"Bages"|"Avinyó"|"170"|"6"|"177"|"6"
"B"|"CATALUNYA CENTRAL"|"Bages"|"Balsareny"|"110"|"4"|"79"|"4"
"B"|"CATALUNYA CENTRAL"|"Bages"|"Calders"|"0"|"0"|"0"|"0"
"B"|"CATALUNYA CENTRAL"|"Bages"|"Callús"|"47"|"2"|"55"|"3"
"B"|"CATALUNYA CENTRAL"|"Bages"|"Cardona"|"184"|"4"|"258"|"4"
"B"|"CATALUNYA CENTRAL"|"Bages"|"Castellbell i el Vilar"|"62"|"2"|"70"|"3"
"B"|"CATALUNYA CENTRAL"|"Bages"|"Castellfollit del Boix"|"0"|"0"|"0"|"0"
"B"|"CATALUNYA CENTRAL"|"Bages"|"Castellgalí"|"0"|"0"|"16"|"1"
"B"|"CATALUNYA CENTRAL"|"Bages"|"Castellnou de Bages"|"0"|"0"|"0"|"0"
"B"|"CATALUNYA CENTRAL"|"Bages"|"Estany, l'"|"0"|"0"|"0"|"0"
"B"|"CATALUNYA CENTRAL"|"Bages"|"Fonollosa"|"0"|"0"|"0"|"0"
"B"|"CATALUNYA CENTRAL"|"Bages"|"Gaià"|"0"|"0"|"0"|"0"
"B"|"CATALUNYA CENTRAL"|"Bages"|"Manresa"|"5317"|"49"|"5387"|"56"
"B"|"CATALUNYA CENTRAL"|"Bages"|"Marganell"|"0"|"0"|"0"|"0"
"B"|"CATALUNYA CENTRAL"|"Bages"|"Moià"|"106"|"4"|"135"|"5"
"B"|"CATALUNYA CENTRAL"|"Bages"|"Monistrol de Calders"|"0"|"0"|"0"|"0"
"B"|"CATALUNYA CENTRAL"|"Bages"|"Monistrol de Montserrat"|"12"|"1"|"51"|"3"
"B"|"CATALUNYA CENTRAL"|"Bages"|"Mura"|"0"|"0"|"0"|"0"
"B"|"CATALUNYA CENTRAL"|"Bages"|"Navarcles"|"218"|"5"|"193"|"5"
"B"|"CATALUNYA CENTRAL"|"Bages"|"Navàs"|"154"|"5"|"156"|"5"
"B"|"CATALUNYA CENTRAL"|"Bages"|"Pont de Vilomara i Rocafort, el"|"49"|"3"|"82"|"3"
"B"|"CATALUNYA CENTRAL"|"Bages"|"Rajadell"|"0"|"0"|"0"|"0"
"B"|"CATALUNYA CENTRAL"|"Bages"|"Sallent"|"274"|"9"|"338"|"9"
"B"|"CATALUNYA CENTRAL"|"Bages"|"Sant Feliu Sasserra"|"34"|"2"|"35"|"2"
"B"|"CATALUNYA CENTRAL"|"Bages"|"Sant Fruitós de Bages"|"135"|"4"|"124"|"4"
"B"|"CATALUNYA CENTRAL"|"Bages"|"Sant Joan de Vilatorrada"|"213"|"5"|"258"|"5"
"B"|"CATALUNYA CENTRAL"|"Bages"|"Sant Mateu de Bages"|"19"|"1"|"26"|"1"
"B"|"CATALUNYA CENTRAL"|"Bages"|"Sant Salvador de Guardiola"|"232"|"6"|"107"|"4"
"B"|"CATALUNYA CENTRAL"|"Bages"|"Sant Vicenç de Castellet"|"183"|"8"|"174"|"8"
"B"|"CATALUNYA CENTRAL"|"Bages"|"Santa Maria d'Oló"|"55"|"2"|"64"|"2"
"B"|"CATALUNYA CENTRAL"|"Bages"|"Santpedor"|"198"|"6"|"200"|"7"
"B"|"CATALUNYA CENTRAL"|"Bages"|"Súria"|"131"|"4"|"244"|"7"
"B"|"CATALUNYA CENTRAL"|"Bages"|"Talamanca"|"0"|"0"|"0"|"0"
"T"|"CAMP DE TARRAGONA"|"Baix Camp"|"Albiol, l'"|"0"|"0"|"0"|"0"
"T"|"CAMP DE TARRAGONA"|"Baix Camp"|"Aleixar, l'"|"18"|"1"|"41"|"2"
"T"|"CAMP DE TARRAGONA"|"Baix Camp"|"Alforja"|"93"|"3"|"126"|"3"
"T"|"CAMP DE TARRAGONA"|"Baix Camp"|"Almoster"|"45"|"2"|"40"|"2"
"T"|"CAMP DE TARRAGONA"|"Baix Camp"|"Arbolí"|"0"|"0"|"0"|"0"
"T"|"CAMP DE TARRAGONA"|"Baix Camp"|"Argentera, l'"|"55"|"1"|"50"|"1"
"T"|"CAMP DE TARRAGONA"|"Baix Camp"|"Borges del Camp, les"|"113"|"3"|"146"|"3"
"T"|"CAMP DE TARRAGONA"|"Baix Camp"|"Botarell"|"62"|"2"|"111"|"3"
"T"|"CAMP DE TARRAGONA"|"Baix Camp"|"Cambrils"|"1140"|"17"|"905"|"20"
"T"|"CAMP DE TARRAGONA"|"Baix Camp"|"Capafonts"|"0"|"0"|"0"|"0"
"T"|"CAMP DE TARRAGONA"|"Baix Camp"|"Castellvell del Camp"|"37"|"1"|"66"|"2"
"T"|"CAMP DE TARRAGONA"|"Baix Camp"|"Colldejou"|"0"|"0"|"0"|"0"
"T"|"CAMP DE TARRAGONA"|"Baix Camp"|"Duesaigües"|"24"|"1"|"32"|"1"
"T"|"CAMP DE TARRAGONA"|"Baix Camp"|"Febró, la"|"0"|"0"|"0"|"0"
"T"|"CAMP DE TARRAGONA"|"Baix Camp"|"Maspujols"|"63"|"2"|"99"|"3"
"T"|"CAMP DE TARRAGONA"|"Baix Camp"|"Montbrió del Camp"|"94"|"3"|"117"|"3"
"T"|"CAMP DE TARRAGONA"|"Baix Camp"|"Mont-roig del Camp"|"298"|"7"|"324"|"7"
"T"|"CAMP DE TARRAGONA"|"Baix Camp"|"Prades"|"50"|"2"|"58"|"2"
"T"|"CAMP DE TARRAGONA"|"Baix Camp"|"Pratdip"|"0"|"0"|"0"|"0"
"T"|"CAMP DE TARRAGONA"|"Baix Camp"|"Reus"|"4521"|"53"|"5052"|"57"
"T"|"CAMP DE TARRAGONA"|"Baix Camp"|"Riudecanyes"|"29"|"1"|"26"|"1"
"T"|"CAMP DE TARRAGONA"|"Baix Camp"|"Riudecols"|"132"|"4"|"147"|"4"
"T"|"CAMP DE TARRAGONA"|"Baix Camp"|"Riudoms"|"188"|"5"|"256"|"5"
"T"|"CAMP DE TARRAGONA"|"Baix Camp"|"Selva del Camp, la"|"275"|"5"|"365"|"5"
"T"|"CAMP DE TARRAGONA"|"Baix Camp"|"Vandellòs i l'Hospitalet de l'Infant"|"217"|"5"|"207"|"6"
"T"|"CAMP DE TARRAGONA"|"Baix Camp"|"Vilanova d'Escornalbou"|"27"|"1"|"30"|"1"
"G"|"GIRONA"|"Baix Empordà"|"Ullastret"|"0"|"0"|"13"|"1"
"T"|"CAMP DE TARRAGONA"|"Baix Camp"|"Vilaplana"|"36"|"1"|"28"|"1"
"T"|"CAMP DE TARRAGONA"|"Baix Camp"|"Vinyols i els Arcs"|"119"|"3"|"116"|"3"
"T"|"TERRES DE L'EBRE"|"Baix Ebre"|"Aldea, l'"|"126"|"3"|"148"|"3"
"T"|"TERRES DE L'EBRE"|"Baix Ebre"|"Aldover"|"0"|"0"|"0"|"0"
"T"|"TERRES DE L'EBRE"|"Baix Ebre"|"Alfara de Carles"|"0"|"0"|"0"|"0"
"T"|"TERRES DE L'EBRE"|"Baix Ebre"|"Ametlla de Mar, l'"|"206"|"4"|"171"|"4"
"T"|"TERRES DE L'EBRE"|"Baix Ebre"|"Ampolla, l'"|"43"|"2"|"25"|"1"
"T"|"TERRES DE L'EBRE"|"Baix Ebre"|"Benifallet"|"70"|"2"|"58"|"2"
"T"|"TERRES DE L'EBRE"|"Baix Ebre"|"Camarles"|"60"|"2"|"76"|"2"
"T"|"TERRES DE L'EBRE"|"Baix Ebre"|"Deltebre"|"341"|"4"|"339"|"4"
"T"|"TERRES DE L'EBRE"|"Baix Ebre"|"Paüls"|"0"|"0"|"0"|"0"
"T"|"TERRES DE L'EBRE"|"Baix Ebre"|"Perelló, el"|"191"|"3"|"219"|"3"
"T"|"TERRES DE L'EBRE"|"Baix Ebre"|"Roquetes"|"42"|"2"|"83"|"3"
"T"|"TERRES DE L'EBRE"|"Baix Ebre"|"Tivenys"|"0"|"0"|"28"|"1"
"T"|"TERRES DE L'EBRE"|"Baix Ebre"|"Tortosa"|"2308"|"22"|"2227"|"25"
"T"|"TERRES DE L'EBRE"|"Baix Ebre"|"Xerta"|"56"|"2"|"68"|"2"
"G"|"GIRONA"|"Baix Empordà"|"Albons"|"26"|"1"|"43"|"2"
"G"|"GIRONA"|"Baix Empordà"|"Begur"|"89"|"3"|"131"|"3"
"G"|"GIRONA"|"Baix Empordà"|"Bellcaire d'Empordà"|"25"|"1"|"34"|"1"
"G"|"GIRONA"|"Baix Empordà"|"Bisbal d'Empordà, la"|"875"|"10"|"781"|"11"
"G"|"GIRONA"|"Baix Empordà"|"Calonge"|"117"|"4"|"146"|"4"
"G"|"GIRONA"|"Baix Empordà"|"Castell-Platja d'Aro"|"128"|"4"|"205"|"6"
"G"|"GIRONA"|"Baix Empordà"|"Colomers"|"16"|"1"|"22"|"1"
"G"|"GIRONA"|"Baix Empordà"|"Corçà"|"51"|"2"|"55"|"2"
"G"|"GIRONA"|"Baix Empordà"|"Cruïlles, Monells i Sant Sadurní de l'Heura"|"0"|"0"|"0"|"0"
"G"|"GIRONA"|"Baix Empordà"|"Foixà"|"0"|"0"|"0"|"0"
"G"|"GIRONA"|"Baix Empordà"|"Fontanilles"|"0"|"0"|"0"|"0"
"G"|"GIRONA"|"Baix Empordà"|"Forallac"|"0"|"0"|"0"|"0"
"G"|"GIRONA"|"Baix Empordà"|"Garrigoles"|"0"|"0"|"0"|"0"
"G"|"GIRONA"|"Baix Empordà"|"Gualta"|"0"|"0"|"0"|"0"
"G"|"GIRONA"|"Baix Empordà"|"Jafre"|"27"|"1"|"23"|"1"
"G"|"GIRONA"|"Baix Empordà"|"Mont-ras"|"53"|"2"|"75"|"2"
"G"|"GIRONA"|"Baix Empordà"|"Palafrugell"|"657"|"9"|"626"|"9"
"G"|"GIRONA"|"Baix Empordà"|"Palamós"|"722"|"15"|"818"|"11"
"G"|"GIRONA"|"Baix Empordà"|"Palau-sator"|"0"|"0"|"0"|"0"
"G"|"GIRONA"|"Baix Empordà"|"Pals"|"43"|"2"|"47"|"2"
"G"|"GIRONA"|"Baix Empordà"|"Parlavà"|"66"|"2"|"68"|"2"
"G"|"GIRONA"|"Baix Empordà"|"Pera, la"|"25"|"2"|"27"|"2"
"G"|"GIRONA"|"Baix Empordà"|"Regencós"|"0"|"0"|"0"|"0"
"G"|"GIRONA"|"Baix Empordà"|"Rupià"|"0"|"0"|"13"|"1"
"G"|"GIRONA"|"Baix Empordà"|"Sant Feliu de Guíxols"|"556"|"9"|"777"|"9"
"G"|"GIRONA"|"Baix Empordà"|"Santa Cristina d'Aro"|"137"|"3"|"158"|"3"
"G"|"GIRONA"|"Baix Empordà"|"Serra de Daró"|"0"|"0"|"0"|"0"
"G"|"GIRONA"|"Baix Empordà"|"Tallada d'Empordà, la"|"0"|"0"|"0"|"0"
"G"|"GIRONA"|"Baix Empordà"|"Torrent"|"0"|"0"|"0"|"0"
"G"|"GIRONA"|"Baix Empordà"|"Torroella de Montgrí"|"455"|"8"|"760"|"8"
"G"|"GIRONA"|"Baix Empordà"|"Ullà"|"0"|"0"|"0"|"0"
"G"|"GIRONA"|"Baix Empordà"|"Ultramort"|"0"|"0"|"0"|"0"
"G"|"GIRONA"|"Baix Empordà"|"Vall-llobrega"|"0"|"0"|"0"|"0"
"G"|"GIRONA"|"Baix Empordà"|"Verges"|"66"|"2"|"115"|"3"
"G"|"GIRONA"|"Baix Empordà"|"Vilopriu"|"0"|"0"|"0"|"0"
"B"|"BARCELONA"|"Baix Llobregat"|"Abrera"|"314"|"10"|"314"|"12"
"B"|"BARCELONA"|"Baix Llobregat"|"Begues"|"119"|"3"|"132"|"3"
"B"|"BARCELONA"|"Baix Llobregat"|"Castelldefels"|"579"|"20"|"773"|"26"
"B"|"BARCELONA"|"Baix Llobregat"|"Castellví de Rosanes"|"50"|"2"|"43"|"2"
"B"|"BARCELONA"|"Baix Llobregat"|"Cervelló"|"176"|"5"|"163"|"5"
"B"|"BARCELONA"|"Baix Llobregat"|"Collbató"|"57"|"2"|"87"|"3"
"B"|"BARCELONA"|"Baix Llobregat"|"Corbera de Llobregat"|"243"|"5"|"226"|"7"
"B"|"BARCELONA"|"Baix Llobregat"|"Cornellà de Llobregat"|"782"|"30"|"1047"|"41"
"B"|"BARCELONA"|"Baix Llobregat"|"Esparreguera"|"396"|"8"|"429"|"9"
"B"|"BARCELONA"|"Baix Llobregat"|"Esplugues de Llobregat"|"505"|"16"|"557"|"22"
"B"|"BARCELONA"|"Baix Llobregat"|"Gavà"|"469"|"17"|"707"|"21"
"B"|"BARCELONA"|"Baix Llobregat"|"Martorell"|"1001"|"19"|"988"|"31"
"B"|"BARCELONA"|"Baix Llobregat"|"Molins de Rei"|"473"|"9"|"521"|"13"
"B"|"BARCELONA"|"Baix Llobregat"|"Olesa de Montserrat"|"675"|"11"|"511"|"11"
"B"|"BARCELONA"|"Baix Llobregat"|"Pallejà"|"166"|"4"|"161"|"4"
"B"|"BARCELONA"|"Baix Llobregat"|"Palma de Cervelló, la"|"40"|"2"|"74"|"3"
"B"|"BARCELONA"|"Baix Llobregat"|"Papiol, el"|"73"|"3"|"76"|"3"
"B"|"BARCELONA"|"Baix Llobregat"|"Prat de Llobregat, el"|"1160"|"39"|"1292"|"46"
"B"|"BARCELONA"|"Baix Llobregat"|"Sant Andreu de la Barca"|"480"|"12"|"534"|"15"
"B"|"BARCELONA"|"Baix Llobregat"|"Sant Boi de Llobregat"|"1082"|"35"|"1207"|"45"
"B"|"BARCELONA"|"Baix Llobregat"|"Sant Climent de Llobregat"|"82"|"3"|"70"|"3"
"B"|"BARCELONA"|"Baix Llobregat"|"Sant Esteve Sesrovires"|"130"|"4"|"177"|"5"
"B"|"BARCELONA"|"Baix Llobregat"|"Sant Feliu de Llobregat"|"527"|"17"|"567"|"21"
"B"|"BARCELONA"|"Baix Llobregat"|"Sant Joan Despí"|"1896"|"21"|"1686"|"20"
"B"|"BARCELONA"|"Baix Llobregat"|"Sant Just Desvern"|"214"|"5"|"169"|"4"
"B"|"BARCELONA"|"Baix Llobregat"|"Sant Vicenç dels Horts"|"555"|"12"|"537"|"12"
"B"|"BARCELONA"|"Baix Llobregat"|"Santa Coloma de Cervelló"|"108"|"3"|"88"|"3"
"B"|"BARCELONA"|"Baix Llobregat"|"Torrelles de Llobregat"|"84"|"3"|"97"|"3"
"B"|"BARCELONA"|"Baix Llobregat"|"Vallirana"|"170"|"5"|"234"|"8"
"B"|"BARCELONA"|"Baix Llobregat"|"Viladecans"|"606"|"19"|"777"|"19"
"T"|"CAMP DE TARRAGONA"|"Baix Penedès"|"Albinyana"|"0"|"0"|"0"|"0"
"T"|"CAMP DE TARRAGONA"|"Baix Penedès"|"Arboç, l'"|"175"|"4"|"218"|"4"
"T"|"CAMP DE TARRAGONA"|"Baix Penedès"|"Banyeres del Penedès"|"106"|"4"|"130"|"5"
"T"|"CAMP DE TARRAGONA"|"Baix Penedès"|"Bellvei"|"53"|"2"|"57"|"2"
"T"|"CAMP DE TARRAGONA"|"Baix Penedès"|"Bisbal del Penedès, la"|"54"|"2"|"63"|"2"
"T"|"CAMP DE TARRAGONA"|"Baix Penedès"|"Bonastre"|"18"|"1"|"20"|"1"
"T"|"CAMP DE TARRAGONA"|"Baix Penedès"|"Calafell"|"208"|"6"|"368"|"14"
"T"|"CAMP DE TARRAGONA"|"Baix Penedès"|"Cunit"|"103"|"3"|"136"|"3"
"T"|"CAMP DE TARRAGONA"|"Baix Penedès"|"Llorenç del Penedès"|"133"|"3"|"144"|"3"
"T"|"CAMP DE TARRAGONA"|"Baix Penedès"|"Masllorenç"|"0"|"0"|"0"|"0"
"T"|"CAMP DE TARRAGONA"|"Baix Penedès"|"Montmell, el"|"0"|"0"|"0"|"0"
"T"|"CAMP DE TARRAGONA"|"Baix Penedès"|"Sant Jaume dels Domenys"|"72"|"3"|"95"|"3"
"T"|"CAMP DE TARRAGONA"|"Baix Penedès"|"Santa Oliva"|"20"|"1"|"58"|"2"
"T"|"CAMP DE TARRAGONA"|"Baix Penedès"|"Vendrell, el"|"749"|"19"|"757"|"21"
"B"|"BARCELONA"|"Barcelonès"|"Badalona"|"9411"|"47"|"11470"|"58"
"B"|"BARCELONA"|"Barcelonès"|"Barcelona"|"66266"|"790"|"68658"|"935"
"B"|"BARCELONA"|"Barcelonès"|"Hospitalet de Llobregat, l'"|"14221"|"84"|"16162"|"98"
"B"|"BARCELONA"|"Barcelonès"|"Sant Adrià de Besòs"|"362"|"14"|"505"|"20"
"B"|"BARCELONA"|"Barcelonès"|"Santa Coloma de Gramenet"|"1151"|"28"|"784"|"31"
"B"|"CATALUNYA CENTRAL"|"Berguedà"|"Avià"|"53"|"3"|"73"|"3"
"B"|"CATALUNYA CENTRAL"|"Berguedà"|"Bagà"|"35"|"1"|"24"|"1"
"B"|"CATALUNYA CENTRAL"|"Berguedà"|"Berga"|"525"|"11"|"723"|"14"
"B"|"CATALUNYA CENTRAL"|"Berguedà"|"Borredà"|"84"|"3"|"52"|"2"
"B"|"CATALUNYA CENTRAL"|"Berguedà"|"Capolat"|"0"|"0"|"0"|"0"
"B"|"CATALUNYA CENTRAL"|"Berguedà"|"Casserres"|"75"|"3"|"72"|"3"
"B"|"CATALUNYA CENTRAL"|"Berguedà"|"Castell de l'Areny"|"0"|"0"|"0"|"0"
"B"|"CATALUNYA CENTRAL"|"Berguedà"|"Castellar de n'Hug"|"0"|"0"|"0"|"0"
"B"|"CATALUNYA CENTRAL"|"Berguedà"|"Castellar del Riu"|"0"|"0"|"0"|"0"
"B"|"CATALUNYA CENTRAL"|"Berguedà"|"Cercs"|"47"|"2"|"12"|"1"
"B"|"CATALUNYA CENTRAL"|"Berguedà"|"Espunyola, l'"|"0"|"0"|"0"|"0"
"B"|"CATALUNYA CENTRAL"|"Berguedà"|"Fígols"|"0"|"0"|"0"|"0"
"B"|"CATALUNYA CENTRAL"|"Berguedà"|"Gironella"|"135"|"5"|"140"|"6"
"B"|"CATALUNYA CENTRAL"|"Berguedà"|"Gisclareny"|"0"|"0"|"0"|"0"
"L"|"CATALUNYA CENTRAL"|"Berguedà"|"Gósol"|"0"|"0"|"0"|"0"
"B"|"CATALUNYA CENTRAL"|"Berguedà"|"Guardiola de Berguedà"|"0"|"0"|"0"|"0"
"B"|"CATALUNYA CENTRAL"|"Berguedà"|"Montclar"|"0"|"0"|"0"|"0"
"B"|"CATALUNYA CENTRAL"|"Berguedà"|"Montmajor"|"0"|"0"|"0"|"0"
"B"|"CATALUNYA CENTRAL"|"Berguedà"|"Nou de Berguedà, la"|"0"|"0"|"0"|"0"
"B"|"CATALUNYA CENTRAL"|"Berguedà"|"Olvan"|"0"|"0"|"0"|"0"
"B"|"CATALUNYA CENTRAL"|"Berguedà"|"Pobla de Lillet, la"|"59"|"3"|"69"|"3"
"B"|"CATALUNYA CENTRAL"|"Berguedà"|"Puig-reig"|"112"|"4"|"90"|"3"
"B"|"CATALUNYA CENTRAL"|"Berguedà"|"Quar, la"|"0"|"0"|"0"|"0"
"B"|"CATALUNYA CENTRAL"|"Berguedà"|"Sagàs"|"0"|"0"|"0"|"0"
"B"|"CATALUNYA CENTRAL"|"Berguedà"|"Saldes"|"0"|"0"|"16"|"1"
"B"|"CATALUNYA CENTRAL"|"Berguedà"|"Sant Jaume de Frontanyà"|"0"|"0"|"0"|"0"
"B"|"CATALUNYA CENTRAL"|"Berguedà"|"Sant Julià de Cerdanyola"|"0"|"0"|"0"|"0"
"B"|"CATALUNYA CENTRAL"|"Berguedà"|"Santa Maria de Merlès"|"0"|"0"|"0"|"0"
"B"|"CATALUNYA CENTRAL"|"Berguedà"|"Vallcebre"|"0"|"0"|"0"|"0"
"B"|"CATALUNYA CENTRAL"|"Berguedà"|"Vilada"|"0"|"0"|"0"|"0"
"B"|"CATALUNYA CENTRAL"|"Berguedà"|"Viver i Serrateix"|"0"|"0"|"0"|"0"
"G"|"ALT PIRINEU I ARAN"|"Cerdanya"|"Alp"|"0"|"0"|"0"|"0"
"L"|"ALT PIRINEU I ARAN"|"Cerdanya"|"Bellver de Cerdanya"|"0"|"0"|"0"|"0"
"G"|"ALT PIRINEU I ARAN"|"Cerdanya"|"Bolvir"|"0"|"0"|"0"|"0"
"G"|"ALT PIRINEU I ARAN"|"Cerdanya"|"Das"|"0"|"0"|"0"|"0"
"G"|"ALT PIRINEU I ARAN"|"Cerdanya"|"Fontanals de Cerdanya"|"0"|"0"|"0"|"0"
"G"|"ALT PIRINEU I ARAN"|"Cerdanya"|"Ger"|"0"|"0"|"0"|"0"
"G"|"ALT PIRINEU I ARAN"|"Cerdanya"|"Guils de Cerdanya"|"0"|"0"|"0"|"0"
"G"|"ALT PIRINEU I ARAN"|"Cerdanya"|"Isòvol"|"0"|"0"|"0"|"0"
"L"|"ALT PIRINEU I ARAN"|"Cerdanya"|"Lles de Cerdanya"|"0"|"0"|"0"|"0"
"G"|"ALT PIRINEU I ARAN"|"Cerdanya"|"Llívia"|"0"|"0"|"0"|"0"
"G"|"ALT PIRINEU I ARAN"|"Cerdanya"|"Meranges"|"0"|"0"|"0"|"0"
"L"|"ALT PIRINEU I ARAN"|"Cerdanya"|"Montellà i Martinet"|"0"|"0"|"0"|"0"
"L"|"ALT PIRINEU I ARAN"|"Cerdanya"|"Prats i Sansor"|"0"|"0"|"0"|"0"
"L"|"ALT PIRINEU I ARAN"|"Cerdanya"|"Prullans"|"0"|"0"|"0"|"0"
"G"|"ALT PIRINEU I ARAN"|"Cerdanya"|"Puigcerdà"|"408"|"8"|"306"|"8"
"L"|"ALT PIRINEU I ARAN"|"Cerdanya"|"Riu de Cerdanya"|"0"|"0"|"0"|"0"
"G"|"ALT PIRINEU I ARAN"|"Cerdanya"|"Urús"|"0"|"0"|"0"|"0"
"T"|"CAMP DE TARRAGONA"|"Conca de Barberà"|"Barberà de la Conca"|"29"|"1"|"27"|"1"
"T"|"CAMP DE TARRAGONA"|"Conca de Barberà"|"Blancafort"|"22"|"1"|"27"|"1"
"T"|"CAMP DE TARRAGONA"|"Conca de Barberà"|"Conesa"|"0"|"0"|"0"|"0"
"T"|"CAMP DE TARRAGONA"|"Conca de Barberà"|"Espluga de Francolí, l'"|"217"|"4"|"151"|"4"
"T"|"CAMP DE TARRAGONA"|"Conca de Barberà"|"Forès"|"0"|"0"|"0"|"0"
"T"|"CAMP DE TARRAGONA"|"Conca de Barberà"|"Llorac"|"0"|"0"|"0"|"0"
"T"|"CAMP DE TARRAGONA"|"Conca de Barberà"|"Montblanc"|"200"|"3"|"346"|"5"
"T"|"CAMP DE TARRAGONA"|"Conca de Barberà"|"Passanant i Belltall"|"0"|"0"|"0"|"0"
"T"|"CAMP DE TARRAGONA"|"Conca de Barberà"|"Piles, les"|"0"|"0"|"0"|"0"
"T"|"CAMP DE TARRAGONA"|"Conca de Barberà"|"Pira"|"0"|"0"|"0"|"0"
"T"|"CAMP DE TARRAGONA"|"Conca de Barberà"|"Pontils"|"0"|"0"|"0"|"0"
"T"|"CAMP DE TARRAGONA"|"Conca de Barberà"|"Rocafort de Queralt"|"0"|"0"|"0"|"0"
"T"|"CAMP DE TARRAGONA"|"Conca de Barberà"|"Santa Coloma de Queralt"|"123"|"3"|"175"|"4"
"T"|"CAMP DE TARRAGONA"|"Conca de Barberà"|"Sarral"|"114"|"3"|"77"|"2"
"T"|"CAMP DE TARRAGONA"|"Conca de Barberà"|"Savallà del Comtat"|"0"|"0"|"0"|"0"
"T"|"CAMP DE TARRAGONA"|"Conca de Barberà"|"Senan"|"0"|"0"|"0"|"0"
"T"|"CAMP DE TARRAGONA"|"Conca de Barberà"|"Solivella"|"64"|"2"|"60"|"2"
"T"|"CAMP DE TARRAGONA"|"Conca de Barberà"|"Vallclara"|"0"|"0"|"0"|"0"
"T"|"CAMP DE TARRAGONA"|"Conca de Barberà"|"Vallfogona de Riucorb"|"0"|"0"|"0"|"0"
"T"|"CAMP DE TARRAGONA"|"Conca de Barberà"|"Vilanova de Prades"|"0"|"0"|"0"|"0"
"T"|"CAMP DE TARRAGONA"|"Conca de Barberà"|"Vilaverd"|"0"|"0"|"0"|"0"
"T"|"CAMP DE TARRAGONA"|"Conca de Barberà"|"Vimbodí i Poblet"|"100"|"3"|"66"|"2"
"B"|"BARCELONA"|"Garraf"|"Canyelles"|"57"|"2"|"48"|"2"
"B"|"BARCELONA"|"Garraf"|"Cubelles"|"93"|"3"|"96"|"3"
"B"|"BARCELONA"|"Garraf"|"Olivella"|"0"|"0"|"0"|"0"
"B"|"BARCELONA"|"Garraf"|"Sant Pere de Ribes"|"2544"|"7"|"2760"|"8"
"B"|"BARCELONA"|"Garraf"|"Sitges"|"192"|"7"|"329"|"10"
"B"|"BARCELONA"|"Garraf"|"Vilanova i la Geltrú"|"987"|"16"|"979"|"21"
"L"|"LLEIDA"|"Garrigues"|"Albagés, l'"|"0"|"0"|"0"|"0"
"L"|"LLEIDA"|"Garrigues"|"Albi, l'"|"70"|"2"|"77"|"2"
"L"|"LLEIDA"|"Garrigues"|"Arbeca"|"85"|"3"|"104"|"3"
"L"|"LLEIDA"|"Garrigues"|"Bellaguarda"|"0"|"0"|"0"|"0"
"L"|"LLEIDA"|"Garrigues"|"Borges Blanques, les"|"302"|"5"|"409"|"5"
"L"|"LLEIDA"|"Garrigues"|"Bovera"|"0"|"0"|"0"|"0"
"L"|"LLEIDA"|"Garrigues"|"Castelldans"|"38"|"2"|"25"|"1"
"L"|"LLEIDA"|"Garrigues"|"Cervià de les Garrigues"|"6"|"1"|"9"|"1"
"L"|"LLEIDA"|"Garrigues"|"Cogul, el"|"0"|"0"|"0"|"0"
"L"|"LLEIDA"|"Garrigues"|"Espluga Calba, l'"|"19"|"1"|"21"|"1"
"L"|"LLEIDA"|"Garrigues"|"Floresta, la"|"0"|"0"|"0"|"0"
"L"|"LLEIDA"|"Garrigues"|"Fulleda"|"0"|"0"|"0"|"0"
"L"|"LLEIDA"|"Garrigues"|"Granadella, la"|"58"|"2"|"74"|"3"
"L"|"LLEIDA"|"Garrigues"|"Granyena de les Garrigues"|"0"|"0"|"0"|"0"
"L"|"LLEIDA"|"Garrigues"|"Juncosa"|"45"|"2"|"42"|"2"
"L"|"LLEIDA"|"Garrigues"|"Juneda"|"197"|"4"|"203"|"4"
"L"|"LLEIDA"|"Garrigues"|"Omellons, els"|"0"|"0"|"0"|"0"
"L"|"LLEIDA"|"Garrigues"|"Pobla de Cérvoles, la"|"0"|"0"|"0"|"0"
"L"|"LLEIDA"|"Garrigues"|"Puiggròs"|"0"|"0"|"0"|"0"
"L"|"LLEIDA"|"Garrigues"|"Soleràs, el"|"0"|"0"|"0"|"0"
"L"|"LLEIDA"|"Garrigues"|"Tarrés"|"0"|"0"|"0"|"0"
"L"|"LLEIDA"|"Garrigues"|"Torms, els"|"0"|"0"|"0"|"0"
"L"|"LLEIDA"|"Garrigues"|"Vilosell, el"|"0"|"0"|"0"|"0"
"L"|"LLEIDA"|"Garrigues"|"Vinaixa"|"43"|"2"|"41"|"2"
"G"|"GIRONA"|"Garrotxa"|"Argelaguer"|"0"|"0"|"0"|"0"
"G"|"GIRONA"|"Garrotxa"|"Besalú"|"257"|"6"|"315"|"6"
"G"|"GIRONA"|"Garrotxa"|"Beuda"|"0"|"0"|"0"|"0"
"G"|"GIRONA"|"Garrotxa"|"Castellfollit de la Roca"|"117"|"2"|"114"|"2"
"G"|"GIRONA"|"Garrotxa"|"Maià de Montcal"|"0"|"0"|"0"|"0"
"G"|"GIRONA"|"Garrotxa"|"Mieres"|"17"|"1"|"22"|"1"
"G"|"GIRONA"|"Garrotxa"|"Montagut i Oix"|"76"|"2"|"86"|"2"
"G"|"GIRONA"|"Garrotxa"|"Olot"|"2470"|"18"|"1392"|"21"
"G"|"GIRONA"|"Garrotxa"|"Planes d'Hostoles, les"|"90"|"2"|"124"|"2"
"G"|"GIRONA"|"Garrotxa"|"Preses, les"|"97"|"2"|"102"|"2"
"G"|"GIRONA"|"Garrotxa"|"Riudaura"|"22"|"1"|"26"|"1"
"G"|"GIRONA"|"Garrotxa"|"Sales de Llierca"|"0"|"0"|"0"|"0"
"G"|"GIRONA"|"Garrotxa"|"Sant Aniol de Finestres"|"0"|"0"|"0"|"0"
"G"|"GIRONA"|"Garrotxa"|"Sant Feliu de Pallerols"|"81"|"2"|"104"|"2"
"G"|"GIRONA"|"Garrotxa"|"Sant Ferriol"|"0"|"0"|"0"|"0"
"G"|"GIRONA"|"Garrotxa"|"Sant Jaume de Llierca"|"79"|"2"|"96"|"2"
"G"|"GIRONA"|"Garrotxa"|"Sant Joan les Fonts"|"129"|"3"|"154"|"5"
"G"|"GIRONA"|"Garrotxa"|"Santa Pau"|"91"|"2"|"64"|"2"
"G"|"GIRONA"|"Garrotxa"|"Tortellà"|"41"|"2"|"55"|"2"
"G"|"GIRONA"|"Garrotxa"|"Vall de Bianya, la"|"115"|"3"|"98"|"3"
"G"|"GIRONA"|"Garrotxa"|"Vall d'en Bas, la"|"86"|"3"|"180"|"4"
"G"|"GIRONA"|"Gironès"|"Aiguaviva"|"39"|"2"|"48"|"2"
"G"|"GIRONA"|"Gironès"|"Bescanó"|"341"|"4"|"162"|"3"
"G"|"GIRONA"|"Gironès"|"Bordils"|"74"|"2"|"66"|"2"
"G"|"GIRONA"|"Gironès"|"Campllong"|"40"|"2"|"49"|"2"
"G"|"GIRONA"|"Gironès"|"Canet d'Adri"|"0"|"0"|"0"|"0"
"G"|"GIRONA"|"Gironès"|"Cassà de la Selva"|"461"|"6"|"396"|"4"
"G"|"GIRONA"|"Gironès"|"Celrà"|"246"|"5"|"223"|"6"
"G"|"GIRONA"|"Gironès"|"Cervià de Ter"|"36"|"2"|"47"|"2"
"G"|"GIRONA"|"Gironès"|"Flaçà"|"63"|"2"|"70"|"2"
"G"|"GIRONA"|"Gironès"|"Fornells de la Selva"|"142"|"3"|"164"|"3"
"G"|"GIRONA"|"Gironès"|"Girona"|"5890"|"57"|"6358"|"69"
"G"|"GIRONA"|"Gironès"|"Juià"|"0"|"0"|"0"|"0"
"G"|"GIRONA"|"Gironès"|"Llagostera"|"430"|"6"|"523"|"5"
"G"|"GIRONA"|"Gironès"|"Llambilles"|"33"|"1"|"26"|"1"
"G"|"GIRONA"|"Gironès"|"Madremanya"|"0"|"0"|"0"|"0"
"G"|"GIRONA"|"Gironès"|"Quart"|"120"|"3"|"137"|"3"
"G"|"GIRONA"|"Gironès"|"Salt"|"570"|"13"|"658"|"11"
"G"|"GIRONA"|"Gironès"|"Sant Andreu Salou"|"0"|"0"|"0"|"0"
"G"|"GIRONA"|"Gironès"|"Sant Gregori"|"127"|"3"|"127"|"3"
"G"|"GIRONA"|"Gironès"|"Sant Joan de Mollet"|"0"|"0"|"0"|"0"
"G"|"GIRONA"|"Gironès"|"Sant Jordi Desvalls"|"57"|"2"|"53"|"2"
"G"|"GIRONA"|"Gironès"|"Sant Julià de Ramis"|"96"|"4"|"79"|"4"
"G"|"GIRONA"|"Gironès"|"Sant Martí de Llémena"|"0"|"0"|"0"|"0"
"G"|"GIRONA"|"Gironès"|"Sant Martí Vell"|"0"|"0"|"0"|"0"
"G"|"GIRONA"|"Gironès"|"Sarrià de Ter"|"123"|"4"|"145"|"4"
"G"|"GIRONA"|"Gironès"|"Vilablareix"|"119"|"3"|"127"|"3"
"G"|"GIRONA"|"Gironès"|"Viladasens"|"0"|"0"|"0"|"0"
"B"|"BARCELONA"|"Maresme"|"Alella"|"141"|"5"|"150"|"6"
"B"|"BARCELONA"|"Maresme"|"Arenys de Mar"|"371"|"11"|"324"|"10"
"B"|"BARCELONA"|"Maresme"|"Arenys de Munt"|"289"|"9"|"549"|"11"
"B"|"BARCELONA"|"Maresme"|"Argentona"|"366"|"12"|"382"|"17"
"B"|"BARCELONA"|"Maresme"|"Cabrera de Mar"|"66"|"2"|"68"|"3"
"B"|"BARCELONA"|"Maresme"|"Cabrils"|"48"|"2"|"82"|"3"
"B"|"BARCELONA"|"Maresme"|"Caldes d'Estrac"|"56"|"3"|"68"|"3"
"B"|"BARCELONA"|"Maresme"|"Calella"|"614"|"10"|"518"|"10"
"B"|"BARCELONA"|"Maresme"|"Canet de Mar"|"308"|"10"|"386"|"12"
"B"|"BARCELONA"|"Maresme"|"Dosrius"|"66"|"3"|"97"|"3"
"B"|"BARCELONA"|"Maresme"|"Malgrat de Mar"|"577"|"10"|"532"|"10"
"B"|"BARCELONA"|"Maresme"|"Masnou, el"|"252"|"10"|"223"|"10"
"B"|"BARCELONA"|"Maresme"|"Mataró"|"2861"|"94"|"2841"|"99"
"B"|"BARCELONA"|"Maresme"|"Montgat"|"120"|"4"|"131"|"5"
"B"|"BARCELONA"|"Maresme"|"Òrrius"|"17"|"1"|"14"|"1"
"B"|"BARCELONA"|"Maresme"|"Palafolls"|"290"|"8"|"231"|"7"
"B"|"BARCELONA"|"Maresme"|"Pineda de Mar"|"667"|"15"|"704"|"16"
"B"|"BARCELONA"|"Maresme"|"Premià de Dalt"|"92"|"3"|"81"|"3"
"B"|"BARCELONA"|"Maresme"|"Premià de Mar"|"642"|"15"|"700"|"17"
"B"|"BARCELONA"|"Maresme"|"Sant Andreu de Llavaneres"|"134"|"3"|"131"|"3"
"B"|"BARCELONA"|"Maresme"|"Sant Cebrià de Vallalta"|"54"|"2"|"47"|"2"
"B"|"BARCELONA"|"Maresme"|"Sant Iscle de Vallalta"|"41"|"2"|"49"|"2"
"B"|"BARCELONA"|"Maresme"|"Sant Pol de Mar"|"108"|"4"|"124"|"4"
"B"|"BARCELONA"|"Maresme"|"Sant Vicenç de Montalt"|"120"|"3"|"159"|"4"
"B"|"BARCELONA"|"Maresme"|"Santa Susanna"|"95"|"4"|"112"|"4"
"B"|"BARCELONA"|"Maresme"|"Teià"|"90"|"3"|"100"|"3"
"B"|"BARCELONA"|"Maresme"|"Tiana"|"142"|"4"|"122"|"4"
"B"|"BARCELONA"|"Maresme"|"Tordera"|"608"|"12"|"456"|"16"
"B"|"BARCELONA"|"Maresme"|"Vilassar de Dalt"|"117"|"4"|"120"|"4"
"B"|"BARCELONA"|"Maresme"|"Vilassar de Mar"|"420"|"16"|"489"|"18"
"T"|"TERRES DE L'EBRE"|"Montsià"|"Alcanar"|"239"|"3"|"292"|"4"
"T"|"TERRES DE L'EBRE"|"Montsià"|"Amposta"|"502"|"12"|"789"|"13"
"T"|"TERRES DE L'EBRE"|"Montsià"|"Freginals"|"0"|"0"|"0"|"0"
"T"|"TERRES DE L'EBRE"|"Montsià"|"Galera, la"|"68"|"2"|"73"|"2"
"T"|"TERRES DE L'EBRE"|"Montsià"|"Godall"|"0"|"0"|"0"|"0"
"T"|"TERRES DE L'EBRE"|"Montsià"|"Mas de Barberans"|"0"|"0"|"0"|"0"
"T"|"TERRES DE L'EBRE"|"Montsià"|"Masdenverge"|"76"|"2"|"69"|"2"
"T"|"TERRES DE L'EBRE"|"Montsià"|"Sant Carles de la Ràpita"|"731"|"5"|"531"|"6"
"T"|"TERRES DE L'EBRE"|"Montsià"|"Sant Jaume d'Enveja"|"126"|"3"|"136"|"4"
"T"|"TERRES DE L'EBRE"|"Montsià"|"Santa Bàrbara"|"179"|"3"|"203"|"3"
"T"|"TERRES DE L'EBRE"|"Montsià"|"Sénia, la"|"165"|"2"|"252"|"3"
"T"|"TERRES DE L'EBRE"|"Montsià"|"Ulldecona"|"142"|"3"|"221"|"4"
"L"|"LLEIDA"|"Noguera"|"Àger"|"51"|"2"|"37"|"2"
"L"|"LLEIDA"|"Noguera"|"Albesa"|"88"|"3"|"85"|"3"
"L"|"LLEIDA"|"Noguera"|"Algerri"|"24"|"1"|"16"|"1"
"L"|"LLEIDA"|"Noguera"|"Alòs de Balaguer"|"0"|"0"|"0"|"0"
"L"|"LLEIDA"|"Noguera"|"Artesa de Segre"|"194"|"3"|"194"|"3"
"L"|"LLEIDA"|"Noguera"|"Avellanes i Santa Linya, les"|"0"|"0"|"0"|"0"
"L"|"LLEIDA"|"Noguera"|"Balaguer"|"775"|"10"|"808"|"10"
"L"|"LLEIDA"|"Noguera"|"Baronia de Rialb, la"|"0"|"0"|"0"|"0"
"L"|"LLEIDA"|"Noguera"|"Bellcaire d'Urgell"|"75"|"3"|"90"|"3"
"L"|"LLEIDA"|"Noguera"|"Bellmunt d'Urgell"|"0"|"0"|"0"|"0"
"L"|"LLEIDA"|"Noguera"|"Cabanabona"|"0"|"0"|"0"|"0"
"L"|"LLEIDA"|"Noguera"|"Camarasa"|"18"|"1"|"28"|"1"
"L"|"LLEIDA"|"Noguera"|"Castelló de Farfanya"|"27"|"1"|"15"|"1"
"L"|"LLEIDA"|"Noguera"|"Cubells"|"0"|"0"|"0"|"0"
"L"|"LLEIDA"|"Noguera"|"Foradada"|"0"|"0"|"0"|"0"
"L"|"LLEIDA"|"Noguera"|"Ivars de Noguera"|"0"|"0"|"0"|"0"
"L"|"LLEIDA"|"Noguera"|"Menàrguens"|"19"|"1"|"35"|"2"
"L"|"LLEIDA"|"Noguera"|"Montgai"|"19"|"1"|"32"|"1"
"L"|"LLEIDA"|"Noguera"|"Oliola"|"0"|"0"|"0"|"0"
"L"|"LLEIDA"|"Noguera"|"Os de Balaguer"|"62"|"2"|"55"|"2"
"L"|"LLEIDA"|"Noguera"|"Penelles"|"13"|"1"|"41"|"2"
"L"|"LLEIDA"|"Noguera"|"Ponts"|"155"|"4"|"182"|"4"
"L"|"LLEIDA"|"Noguera"|"Preixens"|"0"|"0"|"0"|"0"
"L"|"LLEIDA"|"Noguera"|"Sentiu de Sió, la"|"0"|"0"|"0"|"0"
"L"|"LLEIDA"|"Noguera"|"Térmens"|"59"|"2"|"76"|"3"
"L"|"LLEIDA"|"Noguera"|"Tiurana"|"0"|"0"|"0"|"0"
"L"|"LLEIDA"|"Noguera"|"Torrelameu"|"25"|"2"|"33"|"2"
"L"|"LLEIDA"|"Noguera"|"Vallfogona de Balaguer"|"62"|"3"|"76"|"3"
"L"|"LLEIDA"|"Noguera"|"Vilanova de l'Aguda"|"0"|"0"|"0"|"0"
"L"|"LLEIDA"|"Noguera"|"Vilanova de Meià"|"0"|"0"|"0"|"0"
"B"|"CATALUNYA CENTRAL"|"Osona"|"Alpens"|"16"|"1"|"31"|"2"
"B"|"CATALUNYA CENTRAL"|"Osona"|"Balenyà"|"130"|"5"|"141"|"5"
"B"|"CATALUNYA CENTRAL"|"Osona"|"Brull, el"|"0"|"0"|"0"|"0"
"B"|"CATALUNYA CENTRAL"|"Osona"|"Calldetenes"|"75"|"3"|"85"|"3"
"B"|"CATALUNYA CENTRAL"|"Osona"|"Centelles"|"660"|"8"|"673"|"8"
"B"|"CATALUNYA CENTRAL"|"Osona"|"Collsuspina"|"0"|"0"|"0"|"0"
"G"|"CATALUNYA CENTRAL"|"Osona"|"Espinelves"|"0"|"0"|"0"|"0"
"B"|"CATALUNYA CENTRAL"|"Osona"|"Folgueroles"|"92"|"3"|"81"|"3"
"B"|"CATALUNYA CENTRAL"|"Osona"|"Gurb"|"81"|"2"|"82"|"2"
"B"|"CATALUNYA CENTRAL"|"Osona"|"Lluçà"|"0"|"0"|"0"|"0"
"B"|"CATALUNYA CENTRAL"|"Osona"|"Malla"|"0"|"0"|"0"|"0"
"B"|"CATALUNYA CENTRAL"|"Osona"|"Manlleu"|"787"|"9"|"818"|"9"
"B"|"CATALUNYA CENTRAL"|"Osona"|"Masies de Roda, les"|"0"|"0"|"0"|"0"
"B"|"CATALUNYA CENTRAL"|"Osona"|"Masies de Voltregà, les"|"0"|"0"|"0"|"0"
"B"|"CATALUNYA CENTRAL"|"Osona"|"Montesquiu"|"0"|"0"|"0"|"0"
"B"|"CATALUNYA CENTRAL"|"Osona"|"Muntanyola"|"0"|"0"|"0"|"0"
"B"|"CATALUNYA CENTRAL"|"Osona"|"Olost"|"70"|"2"|"79"|"2"
"B"|"CATALUNYA CENTRAL"|"Osona"|"Orís"|"0"|"0"|"0"|"0"
"B"|"CATALUNYA CENTRAL"|"Osona"|"Oristà"|"0"|"0"|"0"|"0"
"B"|"CATALUNYA CENTRAL"|"Osona"|"Perafita"|"0"|"0"|"0"|"0"
"B"|"CATALUNYA CENTRAL"|"Osona"|"Prats de Lluçanès"|"280"|"3"|"261"|"3"
"B"|"CATALUNYA CENTRAL"|"Osona"|"Roda de Ter"|"402"|"5"|"422"|"6"
"B"|"CATALUNYA CENTRAL"|"Osona"|"Rupit i Pruit"|"24"|"1"|"23"|"1"
"B"|"CATALUNYA CENTRAL"|"Osona"|"Sant Agustí de Lluçanès"|"0"|"0"|"0"|"0"
"B"|"CATALUNYA CENTRAL"|"Osona"|"Sant Bartomeu del Grau"|"31"|"1"|"17"|"1"
"B"|"CATALUNYA CENTRAL"|"Osona"|"Sant Boi de Lluçanès"|"35"|"1"|"31"|"1"
"B"|"CATALUNYA CENTRAL"|"Osona"|"Sant Hipòlit de Voltregà"|"266"|"3"|"258"|"3"
"B"|"CATALUNYA CENTRAL"|"Osona"|"Sant Julià de Vilatorta"|"153"|"3"|"147"|"3"
"B"|"CATALUNYA CENTRAL"|"Osona"|"Sant Martí d'Albars"|"0"|"0"|"0"|"0"
"B"|"CATALUNYA CENTRAL"|"Osona"|"Sant Martí de Centelles"|"29"|"2"|"44"|"2"
"B"|"CATALUNYA CENTRAL"|"Osona"|"Sant Pere de Torelló"|"121"|"3"|"98"|"3"
"B"|"CATALUNYA CENTRAL"|"Osona"|"Sant Quirze de Besora"|"110"|"3"|"100"|"3"
"B"|"CATALUNYA CENTRAL"|"Osona"|"Sant Sadurní d'Osormort"|"0"|"0"|"0"|"0"
"B"|"CATALUNYA CENTRAL"|"Osona"|"Sant Vicenç de Torelló"|"135"|"3"|"138"|"3"
"B"|"CATALUNYA CENTRAL"|"Osona"|"Santa Cecília de Voltregà"|"0"|"0"|"0"|"0"
"B"|"CATALUNYA CENTRAL"|"Osona"|"Santa Eugènia de Berga"|"92"|"3"|"76"|"3"
"B"|"CATALUNYA CENTRAL"|"Osona"|"Santa Eulàlia de Riuprimer"|"44"|"2"|"60"|"2"
"B"|"CATALUNYA CENTRAL"|"Osona"|"Santa Maria de Besora"|"0"|"0"|"0"|"0"
"B"|"CATALUNYA CENTRAL"|"Osona"|"Santa Maria de Corcó"|"41"|"2"|"49"|"2"
"B"|"CATALUNYA CENTRAL"|"Osona"|"Seva"|"15"|"1"|"33"|"2"
"B"|"CATALUNYA CENTRAL"|"Osona"|"Sobremunt"|"0"|"0"|"0"|"0"
"B"|"CATALUNYA CENTRAL"|"Osona"|"Sora"|"0"|"0"|"0"|"0"
"B"|"CATALUNYA CENTRAL"|"Osona"|"Taradell"|"298"|"5"|"252"|"4"
"B"|"CATALUNYA CENTRAL"|"Osona"|"Tavèrnoles"|"0"|"0"|"0"|"0"
"B"|"CATALUNYA CENTRAL"|"Osona"|"Tavertet"|"0"|"0"|"0"|"0"
"B"|"CATALUNYA CENTRAL"|"Osona"|"Tona"|"374"|"6"|"437"|"7"
"B"|"CATALUNYA CENTRAL"|"Osona"|"Torelló"|"494"|"11"|"626"|"13"
"B"|"CATALUNYA CENTRAL"|"Osona"|"Vic"|"1473"|"35"|"1392"|"36"
"G"|"CATALUNYA CENTRAL"|"Osona"|"Vidrà"|"0"|"0"|"0"|"0"
"G"|"CATALUNYA CENTRAL"|"Osona"|"Viladrau"|"25"|"1"|"16"|"1"
"B"|"CATALUNYA CENTRAL"|"Osona"|"Vilanova de Sau"|"0"|"0"|"0"|"0"
"L"|"ALT PIRINEU I ARAN"|"Pallars Jussà"|"Abella de la Conca"|"0"|"0"|"0"|"0"
"L"|"ALT PIRINEU I ARAN"|"Pallars Jussà"|"Castell de Mur"|"0"|"0"|"0"|"0"
"L"|"ALT PIRINEU I ARAN"|"Pallars Jussà"|"Conca de Dalt"|"0"|"0"|"0"|"0"
"L"|"ALT PIRINEU I ARAN"|"Pallars Jussà"|"Gavet de la Conca"|"0"|"0"|"0"|"0"
"L"|"ALT PIRINEU I ARAN"|"Pallars Jussà"|"Isona i Conca Dellà"|"25"|"1"|"33"|"1"
"L"|"ALT PIRINEU I ARAN"|"Pallars Jussà"|"Llimiana"|"0"|"0"|"0"|"0"
"L"|"ALT PIRINEU I ARAN"|"Pallars Jussà"|"Pobla de Segur, la"|"191"|"4"|"198"|"4"
"L"|"ALT PIRINEU I ARAN"|"Pallars Jussà"|"Salàs de Pallars"|"0"|"0"|"0"|"0"
"L"|"ALT PIRINEU I ARAN"|"Pallars Jussà"|"Sant Esteve de la Sarga"|"0"|"0"|"0"|"0"
"L"|"ALT PIRINEU I ARAN"|"Pallars Jussà"|"Sarroca de Bellera"|"0"|"0"|"0"|"0"
"L"|"ALT PIRINEU I ARAN"|"Pallars Jussà"|"Senterada"|"0"|"0"|"0"|"0"
"L"|"ALT PIRINEU I ARAN"|"Pallars Jussà"|"Talarn"|"48"|"1"|"52"|"1"
"L"|"ALT PIRINEU I ARAN"|"Pallars Jussà"|"Torre de Cabdella, la"|"0"|"0"|"0"|"0"
"L"|"ALT PIRINEU I ARAN"|"Pallars Jussà"|"Tremp"|"412"|"5"|"377"|"5"
"L"|"ALT PIRINEU I ARAN"|"Pallars Sobirà"|"Alins"|"0"|"0"|"0"|"0"
"L"|"ALT PIRINEU I ARAN"|"Pallars Sobirà"|"Alt Àneu"|"0"|"0"|"0"|"0"
"L"|"ALT PIRINEU I ARAN"|"Pallars Sobirà"|"Baix Pallars"|"0"|"0"|"0"|"0"
"L"|"ALT PIRINEU I ARAN"|"Pallars Sobirà"|"Espot"|"0"|"0"|"0"|"0"
"L"|"ALT PIRINEU I ARAN"|"Pallars Sobirà"|"Esterri d'Àneu"|"0"|"0"|"0"|"0"
"L"|"ALT PIRINEU I ARAN"|"Pallars Sobirà"|"Esterri de Cardós"|"0"|"0"|"0"|"0"
"L"|"ALT PIRINEU I ARAN"|"Pallars Sobirà"|"Farrera"|"0"|"0"|"0"|"0"
"L"|"ALT PIRINEU I ARAN"|"Pallars Sobirà"|"Guingueta d'Àneu, la"|"0"|"0"|"0"|"0"
"L"|"ALT PIRINEU I ARAN"|"Pallars Sobirà"|"Lladorre"|"0"|"0"|"0"|"0"
"L"|"ALT PIRINEU I ARAN"|"Pallars Sobirà"|"Llavorsí"|"0"|"0"|"0"|"0"
"L"|"ALT PIRINEU I ARAN"|"Pallars Sobirà"|"Rialp"|"0"|"0"|"0"|"0"
"L"|"ALT PIRINEU I ARAN"|"Pallars Sobirà"|"Soriguera"|"0"|"0"|"0"|"0"
"L"|"ALT PIRINEU I ARAN"|"Pallars Sobirà"|"Sort"|"133"|"3"|"137"|"3"
"L"|"ALT PIRINEU I ARAN"|"Pallars Sobirà"|"Tírvia"|"0"|"0"|"0"|"0"
"L"|"ALT PIRINEU I ARAN"|"Pallars Sobirà"|"Vall de Cardós"|"0"|"0"|"0"|"0"
"G"|"GIRONA"|"Pla de l'Estany"|"Banyoles"|"1102"|"11"|"1008"|"13"
"G"|"GIRONA"|"Pla de l'Estany"|"Camós"|"54"|"2"|"56"|"2"
"G"|"GIRONA"|"Pla de l'Estany"|"Cornellà del Terri"|"89"|"3"|"91"|"3"
"G"|"GIRONA"|"Pla de l'Estany"|"Crespià"|"0"|"0"|"0"|"0"
"G"|"GIRONA"|"Pla de l'Estany"|"Esponellà"|"22"|"1"|"27"|"1"
"G"|"GIRONA"|"Pla de l'Estany"|"Fontcoberta"|"98"|"2"|"114"|"2"
"G"|"GIRONA"|"Pla de l'Estany"|"Palol de Revardit"|"20"|"1"|"23"|"1"
"G"|"GIRONA"|"Pla de l'Estany"|"Porqueres"|"239"|"4"|"263"|"3"
"G"|"GIRONA"|"Pla de l'Estany"|"Sant Miquel de Campmajor"|"0"|"0"|"0"|"0"
"G"|"GIRONA"|"Pla de l'Estany"|"Serinyà"|"40"|"2"|"68"|"2"
"G"|"GIRONA"|"Pla de l'Estany"|"Vilademuls"|"0"|"0"|"0"|"0"
"L"|"LLEIDA"|"Pla d'Urgell"|"Barbens"|"43"|"2"|"63"|"3"
"L"|"LLEIDA"|"Pla d'Urgell"|"Bell-lloc d'Urgell"|"86"|"3"|"78"|"3"
"L"|"LLEIDA"|"Pla d'Urgell"|"Bellvís"|"88"|"3"|"118"|"4"
"L"|"LLEIDA"|"Pla d'Urgell"|"Castellnou de Seana"|"25"|"2"|"52"|"2"
"L"|"LLEIDA"|"Pla d'Urgell"|"Fondarella"|"12"|"1"|"0"|"0"
"L"|"LLEIDA"|"Pla d'Urgell"|"Golmés"|"51"|"2"|"74"|"3"
"L"|"LLEIDA"|"Pla d'Urgell"|"Ivars d'Urgell"|"103"|"2"|"101"|"2"
"L"|"LLEIDA"|"Pla d'Urgell"|"Linyola"|"178"|"3"|"208"|"3"
"L"|"LLEIDA"|"Pla d'Urgell"|"Miralcamp"|"23"|"1"|"38"|"1"
"L"|"LLEIDA"|"Pla d'Urgell"|"Mollerussa"|"608"|"10"|"751"|"10"
"L"|"LLEIDA"|"Pla d'Urgell"|"Palau d'Anglesola, el"|"111"|"3"|"114"|"3"
"L"|"LLEIDA"|"Pla d'Urgell"|"Poal, el"|"56"|"2"|"70"|"2"
"L"|"LLEIDA"|"Pla d'Urgell"|"Sidamon"|"54"|"2"|"58"|"2"
"L"|"LLEIDA"|"Pla d'Urgell"|"Torregrossa"|"113"|"3"|"150"|"4"
"L"|"LLEIDA"|"Pla d'Urgell"|"Vilanova de Bellpuig"|"95"|"3"|"92"|"3"
"L"|"LLEIDA"|"Pla d'Urgell"|"Vila-sana"|"0"|"0"|"13"|"1"
"T"|"CAMP DE TARRAGONA"|"Priorat"|"Bellmunt del Priorat"|"0"|"0"|"0"|"0"
"T"|"CAMP DE TARRAGONA"|"Priorat"|"Bisbal de Falset, la"|"36"|"1"|"35"|"1"
"T"|"CAMP DE TARRAGONA"|"Priorat"|"Cabacés"|"0"|"0"|"0"|"0"
"T"|"CAMP DE TARRAGONA"|"Priorat"|"Capçanes"|"0"|"0"|"20"|"1"
"T"|"CAMP DE TARRAGONA"|"Priorat"|"Cornudella de Montsant"|"0"|"0"|"0"|"0"
"T"|"CAMP DE TARRAGONA"|"Priorat"|"Falset"|"134"|"3"|"127"|"3"
"T"|"CAMP DE TARRAGONA"|"Priorat"|"Figuera, la"|"0"|"0"|"0"|"0"
"T"|"CAMP DE TARRAGONA"|"Priorat"|"Gratallops"|"0"|"0"|"0"|"0"
"T"|"CAMP DE TARRAGONA"|"Priorat"|"Guiamets, els"|"0"|"0"|"0"|"0"
"T"|"CAMP DE TARRAGONA"|"Priorat"|"Lloar, el"|"0"|"0"|"0"|"0"
"T"|"CAMP DE TARRAGONA"|"Priorat"|"Marçà"|"32"|"1"|"41"|"1"
"T"|"CAMP DE TARRAGONA"|"Priorat"|"Margalef"|"0"|"0"|"0"|"0"
"T"|"CAMP DE TARRAGONA"|"Priorat"|"Masroig, el"|"0"|"0"|"0"|"0"
"T"|"CAMP DE TARRAGONA"|"Priorat"|"Molar, el"|"0"|"0"|"0"|"0"
"T"|"CAMP DE TARRAGONA"|"Priorat"|"Morera de Montsant, la"|"0"|"0"|"0"|"0"
"T"|"CAMP DE TARRAGONA"|"Priorat"|"Poboleda"|"0"|"0"|"0"|"0"
"T"|"CAMP DE TARRAGONA"|"Priorat"|"Porrera"|"0"|"0"|"0"|"0"
"T"|"CAMP DE TARRAGONA"|"Priorat"|"Pradell de la Teixeta"|"0"|"0"|"0"|"0"
"T"|"CAMP DE TARRAGONA"|"Priorat"|"Torre de Fontaubella, la"|"0"|"0"|"0"|"0"
"T"|"CAMP DE TARRAGONA"|"Priorat"|"Torroja del Priorat"|"0"|"0"|"0"|"0"
"T"|"CAMP DE TARRAGONA"|"Priorat"|"Ulldemolins"|"0"|"0"|"0"|"0"
"T"|"CAMP DE TARRAGONA"|"Priorat"|"Vilella Alta, la"|"0"|"0"|"0"|"0"
"T"|"CAMP DE TARRAGONA"|"Priorat"|"Vilella Baixa, la"|"0"|"0"|"0"|"0"
"T"|"TERRES DE L'EBRE"|"Ribera d'Ebre"|"Ascó"|"154"|"4"|"166"|"4"
"T"|"TERRES DE L'EBRE"|"Ribera d'Ebre"|"Benissanet"|"64"|"2"|"86"|"3"
"T"|"TERRES DE L'EBRE"|"Ribera d'Ebre"|"Flix"|"332"|"5"|"271"|"6"
"T"|"TERRES DE L'EBRE"|"Ribera d'Ebre"|"Garcia"|"29"|"1"|"54"|"2"
"T"|"TERRES DE L'EBRE"|"Ribera d'Ebre"|"Ginestar"|"60"|"2"|"50"|"2"
"T"|"TERRES DE L'EBRE"|"Ribera d'Ebre"|"Miravet"|"23"|"1"|"35"|"1"
"T"|"TERRES DE L'EBRE"|"Ribera d'Ebre"|"Móra d'Ebre"|"211"|"7"|"281"|"8"
"T"|"TERRES DE L'EBRE"|"Ribera d'Ebre"|"Móra la Nova"|"156"|"3"|"223"|"4"
"T"|"TERRES DE L'EBRE"|"Ribera d'Ebre"|"Palma d'Ebre, la"|"0"|"0"|"29"|"2"
"T"|"TERRES DE L'EBRE"|"Ribera d'Ebre"|"Rasquera"|"32"|"1"|"76"|"3"
"T"|"TERRES DE L'EBRE"|"Ribera d'Ebre"|"Riba-roja d'Ebre"|"31"|"1"|"66"|"2"
"T"|"TERRES DE L'EBRE"|"Ribera d'Ebre"|"Tivissa"|"77"|"2"|"59"|"2"
"T"|"TERRES DE L'EBRE"|"Ribera d'Ebre"|"Torre de l'Espanyol, la"|"0"|"0"|"0"|"0"
"T"|"TERRES DE L'EBRE"|"Ribera d'Ebre"|"Vinebre"|"0"|"0"|"0"|"0"
"G"|"GIRONA"|"Ripollès"|"Campdevànol"|"114"|"3"|"159"|"3"
"G"|"GIRONA"|"Ripollès"|"Campelles"|"11"|"1"|"0"|"0"
"G"|"GIRONA"|"Ripollès"|"Camprodon"|"319"|"4"|"232"|"3"
"G"|"GIRONA"|"Ripollès"|"Gombrèn"|"0"|"0"|"0"|"0"
"G"|"GIRONA"|"Ripollès"|"Llanars"|"0"|"0"|"0"|"0"
"G"|"GIRONA"|"Ripollès"|"Llosses, les"|"0"|"0"|"0"|"0"
"G"|"GIRONA"|"Ripollès"|"Molló"|"20"|"1"|"0"|"0"
"G"|"GIRONA"|"Ripollès"|"Ogassa"|"0"|"0"|"0"|"0"
"G"|"GIRONA"|"Ripollès"|"Pardines"|"60"|"2"|"79"|"2"
"G"|"GIRONA"|"Ripollès"|"Planoles"|"10"|"1"|"0"|"0"
"G"|"GIRONA"|"Ripollès"|"Queralbs"|"16"|"1"|"0"|"0"
"G"|"GIRONA"|"Ripollès"|"Ribes de Freser"|"108"|"3"|"167"|"4"
"G"|"GIRONA"|"Ripollès"|"Ripoll"|"499"|"9"|"583"|"9"
"G"|"GIRONA"|"Ripollès"|"Sant Joan de les Abadesses"|"308"|"6"|"309"|"6"
"G"|"GIRONA"|"Ripollès"|"Sant Pau de Segúries"|"83"|"2"|"66"|"2"
"G"|"GIRONA"|"Ripollès"|"Setcases"|"0"|"0"|"0"|"0"
"G"|"GIRONA"|"Ripollès"|"Toses"|"0"|"0"|"0"|"0"
"G"|"GIRONA"|"Ripollès"|"Vallfogona de Ripollès"|"23"|"1"|"24"|"1"
"G"|"GIRONA"|"Ripollès"|"Vilallonga de Ter"|"0"|"0"|"14"|"1"
"L"|"LLEIDA"|"Segarra"|"Biosca"|"0"|"0"|"0"|"0"
"L"|"LLEIDA"|"Segarra"|"Cervera"|"469"|"8"|"607"|"8"
"L"|"LLEIDA"|"Segarra"|"Estaràs"|"0"|"0"|"0"|"0"
"L"|"LLEIDA"|"Segarra"|"Granyanella"|"0"|"0"|"0"|"0"
"L"|"LLEIDA"|"Segarra"|"Granyena de Segarra"|"0"|"0"|"0"|"0"
"L"|"LLEIDA"|"Segarra"|"Guissona"|"277"|"4"|"277"|"4"
"L"|"LLEIDA"|"Segarra"|"Ivorra"|"0"|"0"|"0"|"0"
"L"|"LLEIDA"|"Segarra"|"Massoteres"|"0"|"0"|"0"|"0"
"L"|"LLEIDA"|"Segarra"|"Montoliu de Segarra"|"0"|"0"|"0"|"0"
"L"|"LLEIDA"|"Segarra"|"Montornès de Segarra"|"0"|"0"|"0"|"0"
"L"|"LLEIDA"|"Segarra"|"Oluges, les"|"0"|"0"|"0"|"0"
"L"|"LLEIDA"|"Segarra"|"Plans de Sió, els"|"0"|"0"|"0"|"0"
"L"|"LLEIDA"|"Segarra"|"Ribera d'Ondara"|"0"|"0"|"12"|"1"
"L"|"LLEIDA"|"Segarra"|"Sanaüja"|"0"|"0"|"0"|"0"
"L"|"LLEIDA"|"Segarra"|"Sant Guim de Freixenet"|"70"|"3"|"78"|"3"
"L"|"LLEIDA"|"Segarra"|"Sant Guim de la Plana"|"0"|"0"|"0"|"0"
"L"|"LLEIDA"|"Segarra"|"Sant Ramon"|"0"|"0"|"0"|"0"
"L"|"LLEIDA"|"Segarra"|"Talavera"|"0"|"0"|"0"|"0"
"L"|"LLEIDA"|"Segarra"|"Tarroja de Segarra"|"0"|"0"|"0"|"0"
"L"|"LLEIDA"|"Segarra"|"Torà"|"36"|"2"|"39"|"2"
"L"|"LLEIDA"|"Segarra"|"Torrefeta i Florejacs"|"0"|"0"|"0"|"0"
"L"|"LLEIDA"|"Segrià"|"Aitona"|"49"|"2"|"45"|"2"
"L"|"LLEIDA"|"Segrià"|"Alamús, els"|"14"|"1"|"29"|"2"
"L"|"LLEIDA"|"Segrià"|"Albatàrrec"|"60"|"3"|"88"|"3"
"L"|"LLEIDA"|"Segrià"|"Alcanó"|"0"|"0"|"0"|"0"
"L"|"LLEIDA"|"Segrià"|"Alcarràs"|"300"|"5"|"418"|"5"
"L"|"LLEIDA"|"Segrià"|"Alcoletge"|"88"|"3"|"99"|"4"
"L"|"LLEIDA"|"Segrià"|"Alfarràs"|"133"|"4"|"126"|"5"
"L"|"LLEIDA"|"Segrià"|"Alfés"|"0"|"0"|"0"|"0"
"L"|"LLEIDA"|"Segrià"|"Alguaire"|"63"|"2"|"68"|"3"
"L"|"LLEIDA"|"Segrià"|"Almacelles"|"170"|"4"|"253"|"4"
"L"|"LLEIDA"|"Segrià"|"Almatret"|"0"|"0"|"19"|"1"
"L"|"LLEIDA"|"Segrià"|"Almenar"|"156"|"4"|"134"|"4"
"L"|"LLEIDA"|"Segrià"|"Alpicat"|"125"|"4"|"181"|"4"
"L"|"LLEIDA"|"Segrià"|"Artesa de Lleida"|"48"|"3"|"62"|"3"
"L"|"LLEIDA"|"Segrià"|"Aspa"|"0"|"0"|"0"|"0"
"L"|"LLEIDA"|"Segrià"|"Benavent de Segrià"|"39"|"2"|"60"|"3"
"L"|"LLEIDA"|"Segrià"|"Corbins"|"85"|"3"|"82"|"3"
"L"|"LLEIDA"|"Segrià"|"Gimenells i el Pla de la Font"|"55"|"2"|"61"|"2"
"L"|"LLEIDA"|"Segrià"|"Granja d'Escarp, la"|"52"|"3"|"69"|"3"
"L"|"LLEIDA"|"Segrià"|"Llardecans"|"58"|"2"|"63"|"2"
"L"|"LLEIDA"|"Segrià"|"Lleida"|"7110"|"49"|"7425"|"58"
"L"|"LLEIDA"|"Segrià"|"Maials"|"57"|"3"|"61"|"3"
"L"|"LLEIDA"|"Segrià"|"Massalcoreig"|"36"|"2"|"35"|"2"
"L"|"LLEIDA"|"Segrià"|"Montoliu de Lleida"|"18"|"1"|"46"|"2"
"L"|"LLEIDA"|"Segrià"|"Portella, la"|"0"|"0"|"22"|"2"
"L"|"LLEIDA"|"Segrià"|"Puigverd de Lleida"|"40"|"2"|"64"|"3"
"L"|"LLEIDA"|"Segrià"|"Rosselló"|"79"|"3"|"99"|"3"
"L"|"LLEIDA"|"Segrià"|"Sarroca de Lleida"|"0"|"0"|"0"|"0"
"L"|"LLEIDA"|"Segrià"|"Seròs"|"68"|"3"|"77"|"3"
"L"|"LLEIDA"|"Segrià"|"Soses"|"34"|"2"|"52"|"3"
"L"|"LLEIDA"|"Segrià"|"Sudanell"|"38"|"2"|"44"|"2"
"L"|"LLEIDA"|"Segrià"|"Sunyer"|"0"|"0"|"0"|"0"
"L"|"LLEIDA"|"Segrià"|"Torrebesses"|"0"|"0"|"0"|"0"
"L"|"LLEIDA"|"Segrià"|"Torrefarrera"|"79"|"3"|"81"|"3"
"L"|"LLEIDA"|"Segrià"|"Torres de Segre"|"34"|"1"|"83"|"3"
"L"|"LLEIDA"|"Segrià"|"Torre-serona"|"0"|"0"|"0"|"0"
"L"|"LLEIDA"|"Segrià"|"Vilanova de la Barca"|"47"|"2"|"35"|"2"
"L"|"LLEIDA"|"Segrià"|"Vilanova de Segrià"|"35"|"2"|"28"|"2"
"G"|"GIRONA"|"Selva"|"Amer"|"137"|"4"|"156"|"4"
"G"|"GIRONA"|"Selva"|"Anglès"|"181"|"4"|"138"|"3"
"G"|"GIRONA"|"Selva"|"Arbúcies"|"410"|"4"|"387"|"6"
"G"|"GIRONA"|"Selva"|"Blanes"|"1034"|"17"|"1349"|"21"
"G"|"GIRONA"|"Selva"|"Breda"|"154"|"4"|"355"|"5"
"G"|"GIRONA"|"Selva"|"Brunyola"|"0"|"0"|"0"|"0"
"G"|"GIRONA"|"Selva"|"Caldes de Malavella"|"382"|"4"|"262"|"3"
"G"|"GIRONA"|"Selva"|"Cellera de Ter, la"|"268"|"4"|"161"|"3"
"B"|"GIRONA"|"Selva"|"Fogars de la Selva"|"44"|"2"|"99"|"4"
"G"|"GIRONA"|"Selva"|"Hostalric"|"236"|"3"|"289"|"3"
"G"|"GIRONA"|"Selva"|"Lloret de Mar"|"986"|"16"|"1048"|"17"
"G"|"GIRONA"|"Selva"|"Maçanet de la Selva"|"301"|"7"|"303"|"7"
"G"|"GIRONA"|"Selva"|"Massanes"|"0"|"0"|"0"|"0"
"G"|"GIRONA"|"Selva"|"Osor"|"39"|"2"|"41"|"2"
"G"|"GIRONA"|"Selva"|"Riells i Viabrea"|"74"|"2"|"90"|"2"
"G"|"GIRONA"|"Selva"|"Riudarenes"|"148"|"3"|"207"|"4"
"G"|"GIRONA"|"Selva"|"Riudellots de la Selva"|"150"|"5"|"194"|"5"
"G"|"GIRONA"|"Selva"|"Sant Feliu de Buixalleu"|"0"|"0"|"0"|"0"
"G"|"GIRONA"|"Selva"|"Sant Hilari Sacalm"|"395"|"6"|"516"|"6"
"G"|"GIRONA"|"Selva"|"Sant Julià del Llor i Bonmatí"|"46"|"2"|"52"|"2"
"G"|"GIRONA"|"Selva"|"Santa Coloma de Farners"|"573"|"10"|"562"|"11"
"G"|"GIRONA"|"Selva"|"Sils"|"112"|"2"|"85"|"2"
"G"|"GIRONA"|"Selva"|"Susqueda"|"0"|"0"|"0"|"0"
"G"|"GIRONA"|"Selva"|"Tossa de Mar"|"168"|"3"|"328"|"5"
"G"|"GIRONA"|"Selva"|"Vidreres"|"323"|"4"|"213"|"3"
"G"|"GIRONA"|"Selva"|"Vilobí d'Onyar"|"146"|"3"|"156"|"3"
"L"|"CATALUNYA CENTRAL"|"Solsonès"|"Castellar de la Ribera"|"0"|"0"|"0"|"0"
"L"|"CATALUNYA CENTRAL"|"Solsonès"|"Clariana de Cardener"|"0"|"0"|"0"|"0"
"L"|"CATALUNYA CENTRAL"|"Solsonès"|"Coma i la Pedra, la"|"0"|"0"|"0"|"0"
"L"|"CATALUNYA CENTRAL"|"Solsonès"|"Guixers"|"0"|"0"|"0"|"0"
"L"|"CATALUNYA CENTRAL"|"Solsonès"|"Lladurs"|"0"|"0"|"0"|"0"
"L"|"CATALUNYA CENTRAL"|"Solsonès"|"Llobera"|"0"|"0"|"0"|"0"
"L"|"CATALUNYA CENTRAL"|"Solsonès"|"Molsosa, la"|"0"|"0"|"0"|"0"
"L"|"CATALUNYA CENTRAL"|"Solsonès"|"Navès"|"0"|"0"|"0"|"0"
"L"|"CATALUNYA CENTRAL"|"Solsonès"|"Odèn"|"0"|"0"|"0"|"0"
"L"|"CATALUNYA CENTRAL"|"Solsonès"|"Olius"|"0"|"0"|"0"|"0"
"L"|"CATALUNYA CENTRAL"|"Solsonès"|"Pinell de Solsonès"|"0"|"0"|"0"|"0"
"L"|"CATALUNYA CENTRAL"|"Solsonès"|"Pinós"|"0"|"0"|"0"|"0"
"L"|"CATALUNYA CENTRAL"|"Solsonès"|"Riner"|"0"|"0"|"0"|"0"
"L"|"CATALUNYA CENTRAL"|"Solsonès"|"Sant Llorenç de Morunys"|"81"|"3"|"109"|"3"
"L"|"CATALUNYA CENTRAL"|"Solsonès"|"Solsona"|"766"|"13"|"839"|"13"
"T"|"CAMP DE TARRAGONA"|"Tarragonès"|"Altafulla"|"104"|"3"|"76"|"2"
"T"|"CAMP DE TARRAGONA"|"Tarragonès"|"Canonja, La"|"0"|"0"|"0"|"0"
"T"|"CAMP DE TARRAGONA"|"Tarragonès"|"Catllar, el"|"73"|"2"|"59"|"2"
"T"|"CAMP DE TARRAGONA"|"Tarragonès"|"Constantí"|"60"|"2"|"97"|"3"
"T"|"CAMP DE TARRAGONA"|"Tarragonès"|"Creixell"|"0"|"0"|"21"|"1"
"T"|"CAMP DE TARRAGONA"|"Tarragonès"|"Morell, el"|"155"|"4"|"171"|"4"
"T"|"CAMP DE TARRAGONA"|"Tarragonès"|"Nou de Gaià, la"|"0"|"0"|"0"|"0"
"T"|"CAMP DE TARRAGONA"|"Tarragonès"|"Pallaresos, els"|"106"|"2"|"85"|"2"
"T"|"CAMP DE TARRAGONA"|"Tarragonès"|"Perafort"|"12"|"1"|"16"|"1"
"T"|"CAMP DE TARRAGONA"|"Tarragonès"|"Pobla de Mafumet, la"|"26"|"1"|"92"|"5"
"T"|"CAMP DE TARRAGONA"|"Tarragonès"|"Pobla de Montornès, la"|"23"|"1"|"67"|"2"
"T"|"CAMP DE TARRAGONA"|"Tarragonès"|"Renau"|"0"|"0"|"0"|"0"
"T"|"CAMP DE TARRAGONA"|"Tarragonès"|"Riera de Gaià, la"|"38"|"1"|"22"|"1"
"T"|"CAMP DE TARRAGONA"|"Tarragonès"|"Roda de Barà"|"85"|"2"|"132"|"3"
"T"|"CAMP DE TARRAGONA"|"Tarragonès"|"Salomó"|"0"|"0"|"0"|"0"
"T"|"CAMP DE TARRAGONA"|"Tarragonès"|"Salou"|"820"|"11"|"1463"|"10"
"T"|"CAMP DE TARRAGONA"|"Tarragonès"|"Secuita, la"|"93"|"2"|"46"|"1"
"T"|"CAMP DE TARRAGONA"|"Tarragonès"|"Tarragona"|"6543"|"53"|"6778"|"64"
"T"|"CAMP DE TARRAGONA"|"Tarragonès"|"Torredembarra"|"387"|"7"|"468"|"7"
"T"|"CAMP DE TARRAGONA"|"Tarragonès"|"Vespella de Gaià"|"0"|"0"|"0"|"0"
"T"|"CAMP DE TARRAGONA"|"Tarragonès"|"Vilallonga del Camp"|"31"|"1"|"75"|"2"
"T"|"CAMP DE TARRAGONA"|"Tarragonès"|"Vila-seca"|"1263"|"14"|"1408"|"12"
"T"|"TERRES DE L'EBRE"|"Terra Alta"|"Arnes"|"0"|"0"|"29"|"2"
"T"|"TERRES DE L'EBRE"|"Terra Alta"|"Batea"|"118"|"2"|"161"|"3"
"T"|"TERRES DE L'EBRE"|"Terra Alta"|"Bot"|"26"|"1"|"57"|"2"
"T"|"TERRES DE L'EBRE"|"Terra Alta"|"Caseres"|"0"|"0"|"0"|"0"
"T"|"TERRES DE L'EBRE"|"Terra Alta"|"Corbera d'Ebre"|"139"|"3"|"125"|"3"
"T"|"TERRES DE L'EBRE"|"Terra Alta"|"Fatarella, la"|"81"|"2"|"111"|"3"
"T"|"TERRES DE L'EBRE"|"Terra Alta"|"Gandesa"|"226"|"4"|"173"|"3"
"T"|"TERRES DE L'EBRE"|"Terra Alta"|"Horta de Sant Joan"|"76"|"2"|"135"|"3"
"T"|"TERRES DE L'EBRE"|"Terra Alta"|"Pinell de Brai, el"|"97"|"2"|"127"|"3"
"T"|"TERRES DE L'EBRE"|"Terra Alta"|"Pobla de Massaluca, la"|"0"|"0"|"28"|"1"
"T"|"TERRES DE L'EBRE"|"Terra Alta"|"Prat de Comte"|"0"|"0"|"0"|"0"
"T"|"TERRES DE L'EBRE"|"Terra Alta"|"Vilalba dels Arcs"|"26"|"1"|"57"|"2"
"L"|"LLEIDA"|"Urgell"|"Agramunt"|"285"|"4"|"384"|"5"
"L"|"LLEIDA"|"Urgell"|"Anglesola"|"71"|"3"|"83"|"3"
"L"|"LLEIDA"|"Urgell"|"Belianes"|"61"|"2"|"70"|"2"
"L"|"LLEIDA"|"Urgell"|"Bellpuig"|"119"|"3"|"190"|"4"
"L"|"LLEIDA"|"Urgell"|"Castellserà"|"88"|"3"|"116"|"3"
"L"|"LLEIDA"|"Urgell"|"Ciutadilla"|"0"|"0"|"0"|"0"
"L"|"LLEIDA"|"Urgell"|"Fuliola, la"|"87"|"2"|"110"|"3"
"L"|"LLEIDA"|"Urgell"|"Guimerà"|"0"|"0"|"0"|"0"
"L"|"LLEIDA"|"Urgell"|"Maldà"|"13"|"1"|"33"|"2"
"L"|"LLEIDA"|"Urgell"|"Nalec"|"0"|"0"|"0"|"0"
"L"|"LLEIDA"|"Urgell"|"Omells de na Gaia, els"|"0"|"0"|"0"|"0"
"L"|"LLEIDA"|"Urgell"|"Ossó de Sió"|"0"|"0"|"0"|"0"
"L"|"LLEIDA"|"Urgell"|"Preixana"|"0"|"0"|"0"|"0"
"L"|"LLEIDA"|"Urgell"|"Puigverd d'Agramunt"|"0"|"0"|"0"|"0"
"L"|"LLEIDA"|"Urgell"|"Sant Martí de Riucorb"|"0"|"0"|"0"|"0"
"L"|"LLEIDA"|"Urgell"|"Tàrrega"|"710"|"12"|"864"|"12"
"L"|"LLEIDA"|"Urgell"|"Tornabous"|"24"|"1"|"34"|"2"
"L"|"LLEIDA"|"Urgell"|"Vallbona de les Monges"|"0"|"0"|"0"|"0"
"L"|"LLEIDA"|"Urgell"|"Verdú"|"60"|"3"|"83"|"3"
"L"|"LLEIDA"|"Urgell"|"Vilagrassa"|"0"|"0"|"0"|"0"
"L"|"ALT PIRINEU I ARAN"|"Val d'Aran"|"Arres"|"0"|"0"|"0"|"0"
"L"|"ALT PIRINEU I ARAN"|"Val d'Aran"|"Bausen"|"0"|"0"|"0"|"0"
"L"|"ALT PIRINEU I ARAN"|"Val d'Aran"|"Bòrdes, es"|"0"|"0"|"0"|"0"
"L"|"ALT PIRINEU I ARAN"|"Val d'Aran"|"Bossòst"|"0"|"0"|"0"|"0"
"L"|"ALT PIRINEU I ARAN"|"Val d'Aran"|"Canejan"|"0"|"0"|"0"|"0"
"L"|"ALT PIRINEU I ARAN"|"Val d'Aran"|"Les"|"0"|"0"|"0"|"0"
"L"|"ALT PIRINEU I ARAN"|"Val d'Aran"|"Naut Aran"|"0"|"0"|"0"|"0"
"L"|"ALT PIRINEU I ARAN"|"Val d'Aran"|"Vielha e Mijaran"|"470"|"6"|"487"|"6"
"L"|"ALT PIRINEU I ARAN"|"Val d'Aran"|"Vilamòs"|"0"|"0"|"0"|"0"
"B"|"BARCELONA"|"Vallès Occidental"|"Badia del Vallès"|"142"|"5"|"107"|"4"
"B"|"BARCELONA"|"Vallès Occidental"|"Barberà del Vallès"|"648"|"18"|"612"|"21"
"B"|"BARCELONA"|"Vallès Occidental"|"Castellar del Vallès"|"433"|"13"|"433"|"12"
"B"|"BARCELONA"|"Vallès Occidental"|"Castellbisbal"|"221"|"5"|"260"|"9"
"B"|"BARCELONA"|"Vallès Occidental"|"Cerdanyola del Vallès"|"2881"|"95"|"2777"|"101"
"B"|"BARCELONA"|"Vallès Occidental"|"Gallifa"|"0"|"0"|"0"|"0"
"B"|"BARCELONA"|"Vallès Occidental"|"Matadepera"|"0"|"0"|"0"|"0"
"B"|"BARCELONA"|"Vallès Occidental"|"Montcada i Reixac"|"494"|"12"|"531"|"14"
"B"|"BARCELONA"|"Vallès Occidental"|"Palau-solità i Plegamans"|"577"|"11"|"559"|"12"
"B"|"BARCELONA"|"Vallès Occidental"|"Polinyà"|"215"|"7"|"181"|"6"
"B"|"BARCELONA"|"Vallès Occidental"|"Rellinars"|"0"|"0"|"0"|"0"
"B"|"BARCELONA"|"Vallès Occidental"|"Ripollet"|"568"|"17"|"611"|"18"
"B"|"BARCELONA"|"Vallès Occidental"|"Rubí"|"976"|"31"|"971"|"30"
"B"|"BARCELONA"|"Vallès Occidental"|"Sabadell"|"3861"|"130"|"4127"|"162"
"B"|"BARCELONA"|"Vallès Occidental"|"Sant Cugat del Vallès"|"3254"|"109"|"3467"|"114"
"B"|"BARCELONA"|"Vallès Occidental"|"Sant Llorenç Savall"|"58"|"3"|"73"|"3"
"B"|"BARCELONA"|"Vallès Occidental"|"Sant Quirze del Vallès"|"152"|"6"|"177"|"7"
"B"|"BARCELONA"|"Vallès Occidental"|"Santa Perpètua de Mogoda"|"637"|"19"|"698"|"23"
"B"|"BARCELONA"|"Vallès Occidental"|"Sentmenat"|"178"|"7"|"205"|"7"
"B"|"BARCELONA"|"Vallès Occidental"|"Terrassa"|"9866"|"24"|"10097"|"36"
"B"|"BARCELONA"|"Vallès Occidental"|"Ullastrell"|"66"|"3"|"72"|"3"
"B"|"BARCELONA"|"Vallès Occidental"|"Vacarisses"|"91"|"4"|"91"|"4"
"B"|"BARCELONA"|"Vallès Occidental"|"Viladecavalls"|"147"|"6"|"228"|"7"
"B"|"BARCELONA"|"Vallès Oriental"|"Aiguafreda"|"39"|"2"|"55"|"3"
"B"|"BARCELONA"|"Vallès Oriental"|"Ametlla del Vallès, l'"|"200"|"4"|"209"|"5"
"B"|"BARCELONA"|"Vallès Oriental"|"Bigues i Riells"|"57"|"2"|"109"|"3"
"B"|"BARCELONA"|"Vallès Oriental"|"Caldes de Montbui"|"365"|"8"|"388"|"8"
"B"|"BARCELONA"|"Vallès Oriental"|"Campins"|"0"|"0"|"0"|"0"
"B"|"BARCELONA"|"Vallès Oriental"|"Canovelles"|"128"|"4"|"166"|"4"
"B"|"BARCELONA"|"Vallès Oriental"|"Cànoves i Samalús"|"52"|"2"|"64"|"2"
"B"|"BARCELONA"|"Vallès Oriental"|"Cardedeu"|"360"|"12"|"387"|"12"
"B"|"BARCELONA"|"Vallès Oriental"|"Castellcir"|"0"|"0"|"0"|"0"
"B"|"BARCELONA"|"Vallès Oriental"|"Castellterçol"|"186"|"3"|"196"|"3"
"B"|"BARCELONA"|"Vallès Oriental"|"Figaró-Montmany"|"0"|"0"|"0"|"0"
"B"|"BARCELONA"|"Vallès Oriental"|"Fogars de Montclús"|"0"|"0"|"0"|"0"
"B"|"BARCELONA"|"Vallès Oriental"|"Franqueses del Vallès, les"|"167"|"6"|"145"|"8"
"B"|"BARCELONA"|"Vallès Oriental"|"Garriga, la"|"261"|"5"|"361"|"8"
"B"|"BARCELONA"|"Vallès Oriental"|"Granera"|"0"|"0"|"0"|"0"
"B"|"BARCELONA"|"Vallès Oriental"|"Granollers"|"1883"|"21"|"2187"|"29"
"B"|"BARCELONA"|"Vallès Oriental"|"Gualba"|"22"|"1"|"24"|"1"
"B"|"BARCELONA"|"Vallès Oriental"|"Llagosta, la"|"173"|"5"|"279"|"8"
"B"|"BARCELONA"|"Vallès Oriental"|"Lliçà d'Amunt"|"193"|"6"|"171"|"6"
"B"|"BARCELONA"|"Vallès Oriental"|"Lliçà de Vall"|"171"|"5"|"232"|"6"
"B"|"BARCELONA"|"Vallès Oriental"|"Llinars del Vallès"|"305"|"7"|"250"|"6"
"B"|"BARCELONA"|"Vallès Oriental"|"Martorelles"|"213"|"7"|"292"|"8"
"B"|"BARCELONA"|"Vallès Oriental"|"Mollet del Vallès"|"1416"|"36"|"1592"|"36"
"B"|"BARCELONA"|"Vallès Oriental"|"Montmeló"|"1083"|"6"|"1258"|"7"
"B"|"BARCELONA"|"Vallès Oriental"|"Montornès del Vallès"|"313"|"9"|"423"|"13"
"B"|"BARCELONA"|"Vallès Oriental"|"Montseny"|"0"|"0"|"0"|"0"
"B"|"BARCELONA"|"Vallès Oriental"|"Parets del Vallès"|"378"|"11"|"356"|"12"
"B"|"BARCELONA"|"Vallès Oriental"|"Roca del Vallès, la"|"288"|"5"|"339"|"5"
"B"|"BARCELONA"|"Vallès Oriental"|"Sant Antoni de Vilamajor"|"130"|"3"|"134"|"3"
"B"|"BARCELONA"|"Vallès Oriental"|"Sant Celoni"|"779"|"12"|"800"|"12"
"B"|"BARCELONA"|"Vallès Oriental"|"Sant Esteve de Palautordera"|"98"|"3"|"90"|"3"
"B"|"BARCELONA"|"Vallès Oriental"|"Sant Feliu de Codines"|"114"|"3"|"99"|"3"
"B"|"BARCELONA"|"Vallès Oriental"|"Sant Fost de Campsentelles"|"63"|"3"|"99"|"4"
"B"|"BARCELONA"|"Vallès Oriental"|"Sant Pere de Vilamajor"|"0"|"0"|"8"|"1"
"B"|"BARCELONA"|"Vallès Oriental"|"Sant Quirze Safaja"|"0"|"0"|"0"|"0"
"B"|"BARCELONA"|"Vallès Oriental"|"Santa Eulàlia de Ronçana"|"100"|"3"|"100"|"3"
"B"|"BARCELONA"|"Vallès Oriental"|"Santa Maria de Martorelles"|"0"|"0"|"0"|"0"
"B"|"BARCELONA"|"Vallès Oriental"|"Santa Maria de Palautordera"|"112"|"3"|"90"|"3"
"B"|"BARCELONA"|"Vallès Oriental"|"Tagamanent"|"0"|"0"|"0"|"0"
"B"|"BARCELONA"|"Vallès Oriental"|"Vallgorguina"|"19"|"1"|"25"|"1"
"B"|"BARCELONA"|"Vallès Oriental"|"Vallromanes"|"66"|"2"|"52"|"2"
"B"|"BARCELONA"|"Vallès Oriental"|"Vilalba Sasserra"|"0"|"0"|"0"|"0"
"B"|"BARCELONA"|"Vallès Oriental"|"Vilanova del Vallès"|"109"|"4"|"114"|"4"
""|""|""|"Fora de Catalunya"|"1271"|"37"|"1127"|"27"
""|""|""|"TOTAL"|"257018"|"4215"|"275499"|"4766"
